Station ID,Name,latitude,longitude,Bikes,Total bike slots
7f3020118e56165ed8b2f61899edb971,"001023 - River Street , Clerkenwell",51.52916347,-0.109970527,0,19
67e6c16bce05410ba4b1f0f5000726ea,"001018 - Phillimore Gardens, Kensington",51.49960695,-0.197574246,11,25
26184215d38089fcad213ef222e69780,"001024 - Park Street, Bankside",51.50597426,-0.092754157,4,12
1eabd7ac8e781befd03f52ef56a18aa7,"001022 - Brunswick Square, Bloomsbury",51.52395143,-0.122502346,3,21
23efb32f80a9dcd0e4f61fb44b353ce1,"000980 - Malet Street, Bloomsbury",51.52168078,-0.130431727,8,41
4c4028fef9930764b34cc63c411cd29f,"001010 - Cartwright Gardens , Bloomsbury",51.52635795,-0.125979294,1,20
55f4dfcaf7fe3970b8722067a12b2f7f,"001007 - Drury Lane, Covent Garden",51.51477076,-0.12221963,3,21
ebe16a8a0722ff26b583e2bda9cd1af4,"001009 - Taviton Street, Bloomsbury",51.52505093,-0.131161087,2,26
d68d55f9fc5a6ecc846d4e51d9bab5bd,"000993 - Drummond Street , Euston",51.527326,-0.13605286,0,27
0c01f449802222cdd504c8eafa0322a4,"001019 - Ampton Street , Clerkenwell",51.52728093,-0.11829517,2,18
d72f1e4f9fcc28128a22a35b05589049,"001025 - Bolsover Street, Fitzrovia",51.52351808,-0.143613641,8,11
ad43baa18c9dbea9ba4b0966c386cc0c,"001029 - Windsor Terrace, Hoxton",51.52915444,-0.093421615,0,22
2b52d72500bd4fb639ab9f79df7e3c78,"003446 - De Vere Gardens, Kensington",51.50173726,-0.184980612,4,22
e7899ea58fd18b220d81d76c035834cf,"003445 - Shoreditch High Street, Shoreditch",51.5263778,-0.078130921,16,25
909898d9d1513581b527f22453b32aac,"001084 - Pindar Street, Liverpool Street",51.520955,-0.083493552,10,14
eb47143bda16b9e140e9c0ebaaad79e5,"001036 - Crawford Street, Marylebone",51.52026,-0.157183945,2,15
6da973289e6a340aa31d03dc615d43c8,"000971 - Godliman Street, St. Paul's",51.51248445,-0.099141408,18,7
f8d7365346582b107b65bab899772875,"001054 - East Road, Hoxton",51.52867339,-0.087459376,8,18
17080ae3ef6c19fbe59e8e5c17d31d9b,"001026 - Roscoe Street, St. Luke's",51.52295439,-0.094934859,1,17
99e37e228edaf5187aa917de66113607,"003431 - Grafton Street, Mayfair",51.5099923,-0.143495266,9,8
de39548e3080840044daaa7b1e053c59,"001033 - Paddington Street, Marylebone",51.52058381,-0.154701411,2,12
769aad3f52773505bb81888baf8becad,"001030 - Lisson Grove, St. John's Wood",51.52644828,-0.172190727,4,14
93cd71b7afe01549d24d77a3615b8643,"000982 - Holborn Circus, Holborn",51.51795029,-0.108657431,29,11
764f407d99e596ccdf7134f48b3ceaab,"000975 - Theobald's Road , Holborn",51.52059681,-0.116688468,6,19
d153f9c5cca7e8927cb32beecf66d802,"001064 - Old Street Station, St. Luke's",51.52548,-0.089659871,10,18
90496aa7d15852e4cd32d22f4cb1d7a6,"000978 - Russell Square Station, Bloomsbury",51.52341837,-0.124121774,17,8
14e89f7dd9cfc6c05e4969720bd9a7d9,"001038 - Harrington Square 1, Camden Town",51.53301907,-0.139174593,2,25
81e0b607d35ac04a4e25136976886bc2,"002586 - Cloudesley Road, Angel",51.53440868,-0.109025404,0,37
18f219af91ff4dc266c398c03a819291,"001065 - Aldersgate Street, Barbican",51.5208417,-0.097340162,2,13
cbfcf12500f8b93b594e821ce1bdff87,"001047 - Falkirk Street, Hoxton",51.53095071,-0.078505384,9,17
5effc1e4635d1fae80462676f28a4f50,"001045 - Jewry Street, Aldgate",51.51340693,-0.076793375,14,3
6be38ccc37cd0c70d4dabccf654dc86f,"000991 - Crosswall, Tower",51.51159481,-0.077121322,11,20
b7208f4a50fc5ebd05cc965793d7d288,"001042 - Woodstock Street, Mayfair",51.51410514,-0.147301667,5,16
64765752ee49b94e43e906b5d41fb1b8,"001049 - Finsbury Leisure Centre, St. Luke's",51.52600832,-0.096317627,7,12
ba9e95e11a120e75eeda6056cc2abbd3,"001055 - Wellington Road, St. John's Wood",51.53304322,-0.172528678,1,16
af92be8d5fd90a932222d0921beb37d8,"001050 - Park Road (Baker Street), The Regent's Park",51.52451738,-0.158963647,10,11
d46fb01d95c44d99b48a515a6fc304ed,"000995 - Little Argyll Street, West End",51.51449962,-0.141423695,21,0
192af6c05ee0929d16619c738b4bf2f7,"001043 - Museum of London, Barbican",51.51782144,-0.096496865,24,27
e6e811c6c149dd40b03bde12f529f00f,"001116 - Emperor's Gate, South Kensington",51.49536226,-0.185296516,0,22
84ac66ae23991053fd3954c960377f24,"001039 - Wapping High Street, Wapping",51.504904,-0.06797,2,17
2f1b132e8ba437cf2c675a845fea7265,"001053 - Clerkenwell Green, Clerkenwell",51.52326004,-0.104708922,8,12
cda3e1dfbb85c291f1d7f50af91e4e4b,"001048 - Queen Victoria Street, St. Paul's",51.51196176,-0.097441687,23,9
875b49fd8018996a5f1840b6322d951b,"003464 - Green Street, Mayfair",51.51227622,-0.157436972,6,12
7a313e52da56a73b85d832b03d57f561,"001056 - Finsbury Square , Moorgate",51.52096262,-0.085634242,9,23
6f0da70cca0d21bcec718b81b1f7ad4a,"001093 - Kennington Cross, Kennington",51.48894022,-0.111435796,19,27
df9f5907d8bc1abc5886ab3e8f030292,"001115 - Ilchester Place, Kensington",51.50074359,-0.202759212,0,23
e387517d593a5fb0f9285d10114b7be9,"001046 - Vauxhall Bridge , Pimlico",51.48836528,-0.129361842,6,29
349b2935f590e6258b7a77835b51126b,"001118 - Hampton Street, Walworth",51.49217002,-0.101536865,12,8
135df949e376eccd60c1439395b54c91,"001121 - Lexham Gardens, Kensington",51.49586666,-0.191933711,2,16
655cec233ee257865f8da98f26e8077f,"001113 - Trebovir Road, Earl's Court",51.49085368,-0.196170309,1,17
4aafc6a5480978bfe21cd20a44fe9995,"003478 - Guildhouse Street, Victoria",51.49234577,-0.141334487,14,2
dccac47ca79292c05ee74492b18f4b17,"001123 - Southampton Place, Holborn",51.51760685,-0.121328408,16,4
84960e34bea975c535e1a68f43826654,"003461 - Sloane Avenue, Knightsbridge",51.4931848,-0.167894973,11,16
f7a3c78c90b093dbd5180740e0cd534e,"002585 - Orsett Terrace, Bayswater",51.517932,-0.183716959,1,13
7557892fad2c965c62483fd1184096fd,"003463 - Argyll Road, Kensington",51.50040123,-0.195455928,13,6
4a5e3fb94e4c3a95a10da349093a715e,"003477 - Porchester Place, Paddington",51.5147461,-0.1651640000000043,0,18
1937b785eb3b88881c353b4b0285849b,"003459 - Collingham Gardens, Earl's Court",51.4916156,-0.186753859,0,13
51acbe456158a598628a833232e6e2a2,"001124 - Sumner Place, South Kensington",51.49121192,-0.173715911,8,10
472240b0886fa0cc682fd7786ca41e8d,"003460 - Warwick Square, Pimlico",51.48985626,-0.141923621,9,10
01995d3d3cff733f43d7809d397b3a7e,"001126 - North Audley Street, Mayfair",51.5129118,-0.153645496,11,6
c05f04b34ae586704595eabcff60a4b6,"003473 - Belgrave Square, Belgravia",51.49941247,-0.152317537,1,20
cb8d64ceca4f008983502256de21105b,"001167 - South Wharf Road, Paddington",51.51733558,-0.175810943,0,12
af6e4ecfa983d291fcff608792659dbf,"001112 - Nutford Place, Marylebone",51.5165179,-0.164393768,2,16
f8dfc16e9f34e5c21bfc24efe8831549,"000960 - Hop Exchange, The Borough",51.50462759,-0.091773776,41,11
c7c51ba2cbfd810b0f5b0d89f4349ff0,"001080 - Great Tower Street, Monument",51.51048489,-0.082989638,17,7
551cc979f64f7c74c95478f4ea2b59b0,"001102 - Leman Street, Aldgate",51.51236389,-0.06954201,2,34
558771e0ea7e67e8c6ca061364fcad88,"001040 - West Smithfield Rotunda, Farringdon",51.51821864,-0.100791005,12,2
ef8de55fa4b4d20044bf7ebd22e82f1a,"003468 - Margery Street, Clerkenwell",51.52659961,-0.112432615,0,18
e0bd52c7b3db937a18db01cbf8f3ae6c,"003476 - Hinde Street, Marylebone",51.51681444,-0.151926305,13,7
e9ab8c33c1f3332a109135bb8f4958bf,"001079 - Endsleigh Gardens, Euston",51.52683806,-0.130504336,1,31
98f517ce692ad8848d7a957cfc44d402,"001092 - Moorfields, Moorgate",51.51906932,-0.088285377,32,21
44ff26b437e830b5b869ac206ef62434,"003479 - Old Brompton Road, South Kensington",51.49094565,-0.181190899,11,19
b33f0ba98da0a91add5a15cb71e6285e,"003486 - St. Luke's Church, Chelsea",51.48971651,-0.170194408,16,4
c372997154f979a7f79fbf335ba008f2,"003481 - Rodney Road , Walworth",51.49148474,-0.090220911,15,8
6c7376417da7dc3ff83663054b240c04,"001150 - Queensway, Kensington Gardens",51.51031,-0.18740235,9,8
7b420d2107097aa229db5cc94bfe1e3c,"003470 - Great Percy Street, Clerkenwell",51.52891573,-0.115480888,0,23
36357d1b79aad476e8f97e70dde9f83c,"001154 - Kennington Road  , Vauxhall",51.49571828,-0.110889274,31,5
6754a242a6750e1897f6ad108a29881f,"003483 - Fashion Street, Whitechapel",51.51838043,-0.073438925,6,24
b85e28c21e5f79e0eeedb25b01bd7023,"003467 - Dock Street, Wapping",51.5097860151,-0.0681619805156,2,27
4d46d714086250894e7fc4d2ededd7b5,"001090 - Warren Street Station, Euston",51.52443845,-0.138019439,9,16
56786fa54c6f0d4be50f39668da7119d,"003482 - Beaumont Street, Marylebone",51.52200801,-0.151359288,12,11
cdfe1eefce180c10fee9fd7dabeef715,"001145 - Earnshaw Street , Covent Garden",51.51611887,-0.128585022,9,7
2293635ff034ae614ff2679f273e6972,"001140 - Grosvenor Road, Pimlico",51.4853572,-0.142207481,11,16
c68f812c22596a520fa7cd2fee575e8d,"001159 - Berry Street, Clerkenwell",51.52285301,-0.099994052,4,35
e4b16b74ee97108fd8e5fd9cebbcd480,"001161 - Brushfield Street, Liverpool Street",51.518908,-0.079249,12,20
b5492904b8e688d168315f1f272e6bd0,"001051 - Shoreditch Park, Hoxton",51.53404294,-0.086379717,7,22
bba639efc6aa2bfb2fa3c9762ce92600,"003471 - Chadwell Street, Angel",51.53051587,-0.106408455,0,18
e14fe63baf41df4b9f0b96bee6895267,"003484 - Houghton Street, Strand",51.51362054,-0.116764211,6,9
4a4e7d4e529dab07f129b7ee61ea8a9f,"003491 - Princes Square, Bayswater",51.5134891,-0.191351186,1,15
cd6c181cd00ff28ffd8456e2e2b896ba,"001146 - Tysoe Street, Clerkenwell",51.52644342,-0.109256828,3,17
6a07ad979e0dfd00f4efa37de319c679,"003490 - Southwick Street, Paddington",51.51595344,-0.169249375,0,17
0fff4a36bcc719131b5b5f1452148c1a,"001155 - Regency Street, Westminster",51.49206037,-0.132224622,1,21
021c9ca075163dcca7edbe920bf0d586,"001209 - Empire Square, The Borough",51.50082346,-0.089740764,19,26
056303b9788eab5234cff4abb1bdeff9,"001190 - Kennington Lane Rail Bridge, Vauxhall",51.4863434,-0.122492418,22,8
4fea1b4bf76fd7849d6bce8682a8a0d4,"001136 - London Zoo,  The Regent's Park",51.53583617,-0.156285395,32,0
60428640cbb2e1d4986a8fd9f8f440ac,"001133 - Baylis Road, Waterloo",51.50144456,-0.110699309,3,19
cd3e444571fd09b673c092f8e3bfbb52,"001134 - Warwick Road, Olympia",51.49671237,-0.20528437,2,32
e346609eea29b41f4399239c102a38aa,"001108 - North Wharf Road, Paddington",51.51862243,-0.176645823,0,24
ffb92bc589f72ac1783e5696b0714e01,"003462 - Royal Avenue 2, Chelsea",51.490083,-0.162418,8,1
e009f8e00b6b4d799332ba17e7571c7d,"001141 - Kingsway, Covent Garden",51.51440928,-0.118478757,4,12
dffa4521a68058f10574f66997d074d1,"001117 - Lambeth North Station, Waterloo",51.49914063,-0.112031483,19,1
362c216ecec8c67cb68c7c67a8ceb26e,"001156 - Bedford Way, Bloomsbury",51.52367314,-0.128377673,1,22
282e3f242d2799ecfd97d0e50197ecb9,"001138 - Elizabeth Bridge, Victoria",51.49236962,-0.147478734,33,1
dfd18ac5219ce5af07ec776558277ed0,"003496 - St Mary's Hospital, Paddington",51.518268,-0.17110323,12,8
62bc2304298cd9c782d8668fce5510d0,"001135 - Claverton Street, Pimlico",51.48483991,-0.138089062,0,30
2b5f1abbbff8e176025b26fae6f0b9ed,"001214 - Kensington Olympia Station, Olympia",51.49815779,-0.209494128,1,24
b2f81c1785600d02194d55a8bbe7ba88,"001216 - Swan Street, The Borough",51.50029631,-0.092762704,15,9
d042ccbaa7670a7032c4691d111e3afa,"003498 - Geraldine Street, Elephant & Castle",51.49612799,-0.106000855,7,10
069a306e841aed284a84444048b364f2,"001152 - Marylebone Lane, Marylebone",51.51475963,-0.148105415,9,15
e48ca76cc8c32733296354cb32cdfe34,"003492 - Putney Pier, Wandsworth",51.466907,-0.216573,16,10
8ba0194daeb0ac4b294433cbe7d860a3,"001157 - Black Lion Gate, Kensington Gardens",51.50990837,-0.187842717,5,18
e51dfccac7bfccebc14b422e6d20103e,"003494 - Foley Street, Fitzrovia",51.51918144,-0.140485596,10,13
5165a060dd8f374c43c8b90202e34020,"001130 - Grove End Road, St. John's Wood",51.53088935,-0.176770502,0,19
5e994c58439cd4e02d7426eab22467d8,"003495 - Wells Street, Fitzrovia",51.51734403,-0.138072691,16,20
d44450634cab6bc0308883311ae165ea,"003485 - Tyers Gate, Bermondsey",51.50088934,-0.083159352,30,5
2f86532efc540bb6ac562b048690f15d,"000968 - Warwick Row, Westminster",51.497998,-0.14296064,19,1
db5f489cd151eb1dde78ab05e0cf806a,"003500 - Baldwin Street, St. Luke's",51.52702563,-0.088542771,2,19
6247c35c551e946ba9431f8a5c09bc6f,"002637 - Bermondsey Street, Bermondsey",51.49785559,-0.081608045,9,15
9559bd41bdd0b32ec6dfe2de4d10b425,"003502 - Palissy Street, Shoreditch",51.526293,-0.073955,18,8
2d3a46775fd3177343d04ab2ddb36d31,"001131 - Graham Street, Angel",51.53266186,-0.099981142,0,26
0fce6ee73e33ca39c6e551b9347a33ad,"002641 - New North Road 2, Hoxton",51.53114,-0.086016,10,12
6a909175d0c128dedd6690508f47fceb,"002636 - Prince Albert Road, The Regent's Park",51.53589283,-0.160854428,1,23
17f03df378612d2d000989d143fd4cb3,"001211 - Bunhill Row, Moorgate",51.52085887,-0.089887855,17,13
7869387b7f03aea7253facf45a28c46a,"001210 - Nevern Place, Earl's Court",51.49334336,-0.194757949,12,8
c22e168276f2e869a2e4c0f19be3c3bd,"002633 - Palace Gardens Terrace, Notting Hill",51.50860544,-0.193764092,14,23
6344f46f873280d0f644c5c6e08f7b23,"001127 - Risinghill Street, Angel",51.5333196,-0.1117812,0,25
c09593793e317790e76f8ed39696c485,"001222 - Goswell Road (City Uni), Finsbury",51.528246,-0.10102611,1,13
23a69ac4ef6a7307d45f5a6f56eacdb3,"001218 - Flood Street, Chelsea",51.48802358,-0.166878535,13,19
685ec7e15de302e7e5b48cf569300276,"001226 - Macclesfield Rd, St Lukes",51.529423,-0.097122,10,18
b206d6f7fcd68bfd9c5bc5d44e8cc9e9,"001224 - Vauxhall Street, Vauxhall",51.486965,-0.116625,13,5
a2bda91285c4211ec318b84e3093ea70,"001229 - High Holborn , Covent Garden",51.516226,-0.124826,13,6
ff29665797070bd57a6f6fab26ea5f1f,"002680 - Harrowby Street, Marylebone",51.5173721,-0.1642075,0,16
1ef34aa90f6cb964a929a6ce99413e60,"002681 - Harriet Street, Knightsbridge",51.50024195,-0.15934065,8,17
392ea98fd6b699f24a565c640ab7278d,"002670 - Paddington Green, Paddington",51.520205,-0.174593,12,7
5e8fa1295724fc52ac1b607c742f5ca8,"002639 - King Edward Walk, Waterloo",51.49775,-0.10988,17,5
d8c7f5fc1ef650ef9609a03113f42d44,"002649 - Sardinia Street, Holborn",51.515208,-0.117863,6,18
4f85079dd0dcd2d273f345f240fc95f5,"002683 - Millbank Tower, Pimlico",51.49188409,-0.125674815,6,17
dbb810088675fbd1e9fb791148c0675c,"002678 - Farm Street, Mayfair",51.50935171,-0.14744969,10,5
d86287521da384a2de8efb32dfc81ae7,"001223 - Buxton Street 1, Shoreditch",51.521776,-0.068856,21,20
d2f24b0789a5bdeca881d2fd9cd4f5fd,"001227 - Devonshire Terrace, Bayswater",51.51348,-0.17977,0,15
48c62bda2793ce5deac0a94be8e51838,"001129 - Sun Street, Liverpool Street",51.520009,-0.083935724,19,4
484160f9061218d6e62a64342a93f8b6,"010624 - Strata, Elephant & Castle",51.493146,-0.099828,30,10
3ac0f53e7d63fd7e6021b88a78be5f36,"022179 - Exhibition Road, Knightsbridge",51.499917,-0.174554,9,10
671b57a2aab1e479e99ac532980ed2ef,"200056 - Vauxhall Walk, Vauxhall",51.488124,-0.120903,26,1
ca223882f068af0108340b1129004400,"200053 - Killick Street, King's Cross",51.5338,-0.118677,0,22
3e9342f574d2256a1e9482fbd14f84bf,"200032 - Kennington Oval, Oval",51.483145,-0.113134,27,5
735f87c6a19b1c9f4a7223d5e226b2c6,"200039 - Sail Street, Vauxhall",51.495656,-0.114605,16,7
cf4ca508a267b39144c43767b17eb289,"200035 - Walmer Road, Avondale",51.510101,-0.211358,5,19
a6af68f6a64046c74531f4f7655eb209,"200033 - Philpot Street, Whitechapel",51.515256,-0.058641,5,24
eb5ff084d999d5a3e9e541fc821123fd,"200047 - Bethnal Green Garden, Bethnal Green",51.52568,-0.055312,12,12
4ab25e79ef8c9921df430c66cef66e42,"200042 - York Hall, Bethnal Green",51.528936,-0.055894,4,22
52c242bf59e02288c985568d958fa5ef,"200054 - Jubilee Crescent, Cubitt Town",51.493381,-0.007542,10,43
a39712a7eba5ca2a0efb17f94b2178f1,"200020 - Shadwell Station, Shadwell",51.511088,-0.057159,21,14
7240d3c05408687dddf5ea08c19d15de,"200021 - Hermitage Court, Wapping",51.504719,-0.063531,6,10
9afd36f7e608b1b369689c4d565cefa5,"200046 - Napier Avenue, Millwall",51.487679,-0.021582,18,2
fad6a0e7960daa48c37dd90160f4043b,"200016 - Castlehaven Road, Camden Town",51.542138,-0.145393,1,27
ad15e1cee91ee88986be580b61415f32,"200014 - Gunmakers Lane, Old Ford",51.535179,-0.03338,7,10
e13b60d2ff2316396077beb9f6e950e2,"200013 - Aston Street, Stepney",51.516,-0.038775,19,7
4b3917732d5087003e7fa0bfb9b7b652,"200152 - Pitfield Street North,Hoxton",51.53558,-0.08249,16,11
8cc102540a117cc01347c213ffead6a1,"200158 - Whiston Road, Haggerston",51.534464,-0.076341,3,18
0f942ff0a5dec38e456175dfeebf0c7d,"200168 - Southern Grove, Bow",51.523538,-0.030556,7,8
2b80a6a07465f920bf35dd5a913bec8c,"200150 - Cantrell Road, Bow",51.521564,-0.022694,13,11
8a024f748718e323ba102ad5722768f9,"200174 - Mostyn Grove, Bow",51.530535,-0.025492,14,32
bc9352cb9f3a3437d85bf51e5748c262,"200019 - Malmesbury Road, Bow",51.529452,-0.027616,7,14
9da373b6d3bc7db00224ffce3844e836,"200155 - Gascoyne Road, Victoria Park",51.541515,-0.038557746,17,3
3d10ad40c87e4e7b0d1ebcd7f771ac69,"200009 - Stebondale Street, Cubitt Town",51.489096,-0.009205,26,2
a481bcf01f163162baa32267b19a829c,"200018 - Spindrift Avenue, Millwall",51.49109,-0.018716,11,25
6ed3b502a2687a318dfb1b18a3bb16d5,"200012 - Stepney Green Station, Stepney",51.521889,-0.04667,10,11
d3d8bc219909f1ba1ab0edeed054a0b0,"200156 - Pott Street, Bethnal Green",51.527152,-0.058005,7,13
77cab4a52fac6779037986ebf903b342,"200022 - Saunders Ness Road, Cubitt Town",51.487129,-0.0090011,21,13
0605a2d505f1a706adb2ebf85cf41188,"200249 - Queen Mary's, Mile End",51.522507,-0.041378,11,32
1ec5489218722c40b4af21fcecb38b03,"200230 - Maplin Street, Mile End",51.525501,-0.032267204,11,28
61b0e07b71923748b9c8bc22faed1abd,"200233 - South Quay East, Canary Wharf",51.50196,-0.016251,19,17
a5981290c4d7e5e6ca27941bb54bc921,"200252 - Bow Church Station, Bow",51.528169,-0.018703,23,15
5a62c7aa856674fc3ef6edfae4fa6832,"200255 - Devons Road, Bow",51.52512,-0.015578,38,1
fa0833e381be090f3a07d9e66e0cd208,"200242 - Merchant Street, Bow",51.526578,-0.027581,20,7
1bbe1a87ecfe81fd0bc63095f343f6fb,"200251 - Bow Road Station, Bow",51.527058,-0.025296,20,22
d6508a1b88c9ad396ab48658a7aaf8c7,"200011 - Furze Green, Bow",51.519265,-0.021345,14,19
d60c008e1f0fd885ba1086e592274386,"200148 - Ansell House, Stepney",51.520019,-0.05438,6,35
33706f39140272de1b3ccd41e4e2b788,"200241 - Bonner Gate, Victoria Park",51.53341,-0.049591815,0,21
dc715dea9f96b012c42159a14722b9a8,"200250 - Cleveland Way, Stepney",51.520893,-0.051394,7,28
2886e8ab5bbcc55d7dbe224274057198,"200243 - St. John's Park, Cubitt Town",51.496454,-0.009506,12,18
a00180e2a271ca35eebcb929138d5cc9,"200038 - Ackroyd Drive, Bow",51.520398,-0.026768,3,26
5418fa3e11ec8aae7a3827182b5ebecf,"200036 - Bell Lane, Liverpool Street",51.517475,-0.075855,8,14
d280b7b63da641de8de0eb9afbba3ff7,"200157 - Fournier Street, Whitechapel",51.519362,-0.074431,5,12
e390d1a827cc7a4b29404540deaf3f44,"200253 - Fore Street Avenue, Guildhall",51.517842,-0.090075,18,1
11b191b7d850e1bc3d117a2bf999bed5,"200238 - Westferry DLR, Limehouse",51.509303,-0.025996,24,17
7215fe3f29691330166b6f4c58f51c08,"200256 - Sutton Street, Shadwell",51.511066,-0.053558,21,11
16fab6f03a4ee334399813f20d6dd47a,"200162 - Watney Market, Stepney",51.5142228,-0.055656,26,25
5032091f25ed9daffff5b4c8691cbcef,"200027 - Ford Road, Old Ford",51.532513,-0.033085,9,9
7eee5e55c4160640d467e36acef59c1e,"200041 - Antill Road, Mile End",51.528224,-0.037471,20,9
7bf9812c2aac8190d3fa1cf6727c708e,"200254 - Teviot Street, Poplar",51.518811,-0.011662,29,3
e20d1f7e5f0847bd698ea436d42a36c8,"200234 - Bancroft Road, Bethnal Green",51.526041,-0.047218,1,20
42ec5cd61c5a76834cd53baa47f295ae,"200161 - Clinton Road, Mile End",51.525941,-0.036017,27,9
23584469231acbea6b4fbeac077c2844,"200160 - Langdon Park, Poplar",51.51549,-0.013475,20,4
09adf52031e9e0915474c56d5e9c8fb5,"200017 - Lancaster Gate , Bayswater",51.511654,-0.179668,26,11
142d474ce6a827391ae84df4d6b219ac,"200153 - Blythe Road, Olympia",51.496927,-0.21350087,16,7
1c8ffe2672b1bea7d3873f35da9f91d7,"200143 - Lancaster Drive, Blackwall",51.503143,-0.008428,23,4
3f8494a0ce80e37e608d50b1b91a15e7,"200154 - Hansard Mews, Holland Park",51.503802,-0.215808,16,3
3c3e712aa90b7c44661a9b86cfdea364,"200010 - Manresa Road, Chelsea",51.486892,-0.170983,14,3
ee6b962d29901c9b17aab7f4142fd36c,"200146 - Newby Place, Poplar",51.508896,-0.012413,13,5
513288b27c6faacd64d5f2e17c6f6d0e,"200167 - Twig Folly Bridge, Mile End",51.530326,-0.042744,4,17
49910ad7791337e48885a90cb46b78d2,"200165 - Wellington Row, Bethnal Green",51.528222,-0.069743,26,6
ca95c11b4be680ac88a023c0544a9f0a,"200159 - Goldsmith's Row, Haggerston",51.531864,-0.066035,18,9
95e4894efdc1051d3f2d35c74f763b5f,"200145 - Gloucester Avenue, Camden Town",51.537349,-0.147154,0,23
85f3fb33c271b65e3e29385a8b726e8c,"200024 - Queensbridge Road, Haggerston",51.53385,-0.06992,4,31
fb48301a2645d8a071c1c64cf9379237,"200239 - Old Montague Street, Whitechapel",51.51793,-0.067937,8,9
062ad453718b685176b2cbb07ddcc225,"200050 - Naval Row, Blackwall",51.508981,-0.00699,14,7
5da8b79601e2e7e7f2f324249c2372b5,"200147 - Salmon Lane, Limehouse",51.514115,-0.033828,21,12
6f4afa257775c2ffbbfe8d6c5f68bd39,"200051 - Percival Street, Finsbury",51.526153,-0.102208,3,19
0bac19abb9e5463ff38a991da6337555,"200149 - Watney Street, Shadwell",51.511542,-0.056667,1,26
c86fef1505575a6c05e04db9ca1d7a95,"200064 - Regent's Row , Haggerston",51.535678,-0.062546,16,8
1a4af3b8d9ae338a82ccc50e677ad526,"200203 - King Edward Street, St Pauls",51.51601,-0.0985,20,0
9577f74a502cb95e298b87ebfbda02f2,"200048 - Page Street, Westminster",51.493978,-0.127554,14,7
ed34565ea651bcc1889a3caa0d4b0a49,"200037 - Rectory Square, Stepney",51.518369,-0.043371,12,9
2d8793fa049d18f478c1670474d17b46,"200141 - Westfield Ariel Way, White City",51.509158,-0.224103,8,33
e0448008c5b5a4e4f54fa021cf0136bb,"200248 - Pitfield Street Central, Hoxton",51.53213,-0.08299,19,11
c1ecc87208a30ee6ed7887fcadf07536,"200061 - Westfield Southern Terrace ,Shepherd's Bush",51.506256,-0.218337,16,11
92e21340a1a18bdc7b6650503b3fcfe9,"200026 - Greenland Road, Camden Town",51.539099,-0.141728,20,15
d8ec12853314db604ab4ea2bac6b1b02,"200246 - Eagle Wharf Road, Hoxton",51.53356,-0.09315,0,44
2b2da69426aebcd92baa6a767f6e6577,"200247 - Globe Town Market, Bethnal Green",51.528869,-0.047548,14,6
a16b22a924bff65593d0037d0c27c35b,"200244 - Hollybush Gardens, Bethnal Green",51.527607,-0.057133,24,8
fb9cad838aab50f7f745dda64a188285,"200060 - Drayton Gardens, West Chelsea",51.487196,-0.179369,8,9
513d321ee2eab0fac86c99e3e904f84a,"200236 - Greenberry Street, St.John's Wood",51.53256,-0.16862,15,11
51b5abdaca17f7881f94da3ec22e981f,"200058 - Northdown Street, King's Cross",51.531066,-0.11934,2,19
843d6482837acafc806348eb0f23ba39,"200226 - Kingsway Southbound, Strand",51.513875,-0.117774,6,27
4363606abfd3d732499c427978102b08,"200142 - Hammersmith Road, Hammersmith",51.493267,-0.21985,22,0
465c84c404e8f3f73e1143adfc7d538c,"200237 - Parson's Green , Parson's Green",51.472817,-0.199783,13,6
cbee2dce2bbc322f7e83b4d9f08c2006,"200229 - Fulham Park Road, Fulham",51.473471,-0.20782,3,23
ba25773e45779fb1fa1d5ca30b2939d0,"200235 - Manbre Road, Hammersmith",51.485743,-0.223616,13,15
991480aa8890dcdb90d45b61951b28d2,"200136 - BBC White City, White City",51.514767,-0.225787,10,25
2564725d535c69c5d1f915d8d3c24777,"200211 - Union Grove, Wandsworth Road",51.472993,-0.133972,38,7
4b4417d3be97d1bf90708cabf8844806,"200137 - Caldwell Street, Stockwell",51.477839,-0.116493,0,44
08fa4d8316678d7c4402b0c03a09c952,"200198 - Seymour Place, Marylebone",51.520331,-0.163667,5,23
105a2dff2d4a179b561b6e28eab59185,"200218 - Addison Road, Holland Park",51.504199,-0.210941,16,10
592fcd87128c93fee2336091e529072a,"200224 - Colet Gardens, Hammersmith",51.491093,-0.216493,2,28
5a12fc9f1fa719a0ebd8d4d52ca5997c,"200208 - Sugden Road, Clapham",51.46512358,-0.157788279,5,14
81b5079628ca78b668b84651c710531c,"200222 - Danvers Street, West Chelsea",51.48256792,-0.172078187,8,12
bbf7032a86f129ea4aff85a8c03fba45,"200067 - Princedale Road , Holland Park",51.50646524,-0.208486599,4,16
78dfc43f62e3197e9896b5e0575aaec0,"200175 - Wandsworth Rd, Isley Court, Wandsworth Road",51.46925984,-0.141812513,23,5
6411e039a76d2a69c1329d706742341b,"200214 - Woodstock Grove, Shepherd's Bush",51.50403821,-0.217400093,18,4
18e9d0e2737aeb5fc6c99c3fd8942ecd,"200028 - Elysium Place, Fulham",51.47107905,-0.207842908,8,13
436d4a44ab9d0a46411f741bb259bbf9,"300003 - Eel Brook Common, Walham Green",51.47625965,-0.193254007,20,2
4185f641b62b25a84f5ae4037a6fb1e3,"300012 - Irene Road, Parsons Green",51.4737636,-0.197010096,6,37
88e25e1d2859ec013404fde8a2e59734,"300010 - Surrey Lane, Battersea",51.47518024,-0.167160736,23,5
0b3566396cee460796fa2c3a08c1bf64,"200091 - Wandsworth Town Station, Wandsworth",51.46086446,-0.187427294,24,8
3c35be6e1fd5840889c6c0b24f0cec4b,"200172 - Lansdowne Road, Ladbroke Grove",51.50748124,-0.205535908,26,2
f5a52349e2b1ff0cae6c5ec0ad01c3d7,"200186 - Nantes Close, Wandsworth",51.46193072,-0.180791784,4,15
c611c164e9c6b09dae6cbbf25274f23d,"200173 - Courland Grove, Wandsworth Road",51.4729184,-0.132102704,23,9
0e1efdedabfc5562db830161f77361ae,"200190 - Queen's Circus, Battersea Park",51.47761941,-0.149551631,11,11
17173be0e45e78e08e129395bd66733d,"300008 - Normand Park, West Kensington",51.48438657,-0.20481514,6,18
cc613f88040fad899933fccac3a43d67,"200187 - Morie Street, Wandsworth",51.45995384,-0.190184054,23,5
11058fd9a19c1e3eb1be438a8fe78026,"200194 - Clarence Walk, Stockwell",51.47073264,-0.126994068,3,25
72f1e1e104f50e394ec6719329d6d954,"200183 - Battersea Park Road, Nine Elms",51.4795017,-0.141770709,14,8
99499044d72124bfdf2598f13f3123fa,"200176 - Sheepcote Lane, Battersea",51.47053858,-0.163041605,10,18
176ce23fdcdb9ad0098ba629d49278ad,"200116 - Vereker Road, West Kensington",51.48959104,-0.209378594,4,28
700660c969a41b75d703f0d714df1328,"300002 - Brook Green South, Brook Green",51.49434708,-0.215804559,26,6
3b74b71fc8dc2b7b869911f7a13d7b22,"200215 - Greyhound Road, Hammersmith",51.48606206,-0.214428378,4,33
0c7b199636e8a47f15dd707b6954ee02,"200180 - South Park, Sands End",51.46706414,-0.193502076,3,24
c6006053a8c0ef4c474eae5a3b0d035d,"200191 - Spencer Park, Wandsworth Common",51.45787019,-0.174691623,9,15
ee629e8773009cbf69147ffa2beb9871,"200179 - Silverthorne Road, Battersea",51.47286577,-0.148059277,21,7
aebfe7a6a3a7f359f526fb32c77bfcba,"300025 - Archbishop's Park, Waterloo",51.49824168,-0.117495865,19,1
c54e6050d68d16efd5ab004b93560c7e,"200192 - Fawcett Close, Battersea",51.46916161,-0.174485792,18,18
b77f782fb1f2a5abd8f1dea22b9b422d,"200182 - Rainville Road, Hammersmith",51.48373225,-0.223852256,10,25
dc7927f5839ade3e41b03c1ce9d1bfaf,"200181 - Richmond Way, Shepherd's Bush",51.50035306,-0.217515071,0,26
1ed9e09a1b36013966b9e4881467acf1,"200171 - Peterborough Road, Sands End",51.46904022,-0.19627483,18,11
7d4bc8e5895e89cd86d1fe4025db6830,"300009 - World's End Place, West Chelsea",51.48180515,-0.18027465,8,11
fdb0332e382c526657eea611e4b968bd,"300030 - Thorndike Close, West Chelsea",51.48089844,-0.183853573,1,24
37dc40e2a5a71717670821b31382212e,"300022 - Evesham Street, Avondale",51.51148696,-0.218190203,11,18
8f10fca04e352fdc2f84a1b1a94677a8,"200196 - Simpson Street, Clapham Junction",51.47084722,-0.17070367,8,15
6549854ef10fd46fe5996f9e19235a18,"200221 - Crabtree Lane, Fulham",51.48294452,-0.219346128,15,10
0e32bed2bf97efb8e0ddcdd0446caf15,"200220 - Blythe Road West, Shepherd's Bush",51.49968,-0.221791551,16,5
e8460349200c2c3cbdf5507a5c62d027,"300005 - Ethelburga Estate, Battersea Park",51.47729232,-0.16478637,9,18
3744c757c4d94f29c6e13ca57a1d1ae2,"200212 - Blackfriars Station, St. Paul's",51.511934,-0.10307894,11,24
e7f0bedd4f3f1a1bd7ee7dd18e53c6c9,"200124 - Clarendon Road, Avondale",51.51323001,-0.211593602,20,3
aec630f91b132c46f24b929c9f2474aa,"300013 - Austin Road, Battersea Park",51.474376,-0.155442787,15,7
a8d02c0bebd9705845f9324574e0ffff,"200113 - Smugglers Way, Wandsworth",51.46108367,-0.191722864,14,6
0d3bf8a2ca4aff840df4ed3428d77be2,"200209 - Shepherd's Bush Road North, Shepherd's Bush",51.5015946,-0.222293381,14,17
251599019e831fcb8b10dbc859eb2c77,"300037 - Ravenscourt Park Station, Hammersmith",51.49422354,-0.236769936,21,5
9d0662e41f872b54e0deb92ef31c79ba,"300036 - Teversham Lane, Stockwell",51.47614939,-0.1232585,11,24
35eecf933325826bd2f7a27a8bf9e7e6,"200169 - Ashley Crescent, Battersea",51.46718562,-0.152248582,15,13
563d60e99e374222fc0e4c463719bd0e,"300052 - Parsons Green Station, Parsons Green",51.475089,-0.201968,19,33
51b87d1008bc88061163c07ce6d878f9,"300051 - Hibbert Street, Battersea",51.46517078,-0.18038939,22,13
d909c7c79018edca6ff5562af099e530,"300035 - Carnegie Street, King's Cross",51.53546778,-0.11619105,6,34
faa7d8335258a5d614e8a917d8877883,"200126 - Usk Road, Clapham Junction",51.46348914,-0.182126248,14,15
487c571900f018ad6147950f3f57b9e3,"200207 - Hartington Road, Stockwell",51.47787084,-0.126874471,25,10
69f18607900144bb0279ff55ca9c0a09,"200023 - Heath Road, Battersea",51.46866929,-0.146544642,17,9
7ce9aac767040a31ea152e56112128da,"200170 - Esmond Street, Putney",51.46231278,-0.211468596,27,3
2d384a63aaa0a93306df49a5fbb1836d,"200114 - Orbel Street, Battersea",51.47453545,-0.170210533,14,12
207110e525a28de8b818f389ff45e820,"200210 - Westbridge Road, Battersea",51.47768469,-0.170329317,24,4
dc04adbb0f5cfea08ea94409b46aaf59,"200043 - Bishop's Avenue, Fulham",51.47303687,-0.214749808,26,18
19b283347402fac16a177e074e2c9572,"200188 - Neville Gill Close, Wandsworth",51.45475251,-0.195197203,20,11
eeb8609cd4d2f66e9d4bd9d057d711ab,"200219 - Osiers Road, Wandsworth",51.46067005,-0.198735357,17,13
9c5b9c0b07302a61c8f094de15898226,"200097 - Beryl Road, Hammersmith",51.48814438,-0.222456468,5,21
17e868fdabd0f2c24c7bdc613919eaa9,"200204 - Northfields, Wandsworth",51.46095151,-0.20066766,14,14
5a6d57af5918766b5c2b01a0c54316b8,"200199 - Stanley Grove, Battersea",51.47047503,-0.152130083,9,14
4f6f219ebcb12bc09e075f477684429f,"200184 - Erin Close, Walham Green",51.47946386,-0.195777222,9,12
dff281ce9f8b930df02aafdbf73003cf,"200112 - Cadogan Close, Victoria Park",51.54211855,-0.028941601,4,11
c5b540329d69c0cef8d2a49cf7f7a2fb,"300019 - Felsham Road, Putney",51.464786,-0.215618902,11,7
aee7721e1c42abcb1708ae3b0ed93bd8,"300033 - Putney Rail Station, Putney",51.46071722,-0.216526155,11,8
ed680c5a625ce29ae517b0bd0b063b0f,"300031 - Islington Green, Angel",51.53638435,-0.102757578,4,16
258bae71934e334dd7f77a6826073776,"300018 - Charing Cross Hospital, Hammersmith",51.48728535,-0.217995921,9,12
288af2ce5056d6b0c5f7df002bd065fe,"200121 - Shoreditch Court, Haggerston",51.53908372,-0.070329419,13,22
3d839a0c388434f3f6bb1ec344832c0b,"200201 - Battersea Church Road, Battersea",51.47696496,-0.174347066,12,12
00531c4ce0f2e75ef2cebf19f1a6c1e3,"200213 - Durant Street, Bethnal Green",51.52868155,-0.065550321,10,14
17a040536d0ab9b22526033eb45c721e,"200063 - Mexfield Road, East Putney",51.45682071,-0.202802098,7,9
63d97c4650fae41b0edeb6e3be02b62d,"200193 - Snowsfields, London Bridge",51.50215353,-0.083632928,16,15
7d53c79d13354a0926c306506e132d2e,"200197 - Barons Court Station, West Kensington",51.49021762,-0.215087092,13,18
b42a30087162a66b986e3ff33211959d,"300045 - Albert Bridge Road, Battersea Park",51.47439218,-0.163347594,5,15
f720de5eca4ba8646b150ee9fd436a4f,"300028 - Everington Street, Fulham",51.48335692,-0.216305546,19,11
310944038d05d714291606b973508343,"300056 - Mile End Stadium, Mile End",51.51854104,-0.034903714,4,18
3f92e6135b78142c34afdcdcbc7cddda,"300055 - Stewart's Road, Wandsworth Road",51.47311696,-0.137235175,19,6
5fdbf177176def6919385c5e4799e30f,"300049 - Aylward Street, Stepney",51.51563007,-0.049067243,15,5
12cf22b370092bd57925f3347d093bc9,"300024 - Dunston Road , Haggerston",51.53658514,-0.075885686,9,32
b25ab9b076fd60246136c1e5f64dadb2,"300040 - Ada Street, Hackney Central",51.53571683,-0.060291813,23,21
8ecc337dd1950c019e8d01e27c886e23,"300011 - Victoria Park Road, Hackney Central",51.53642464,-0.054162264,9,25
91413ad6bfda7be69a8cf41f7e47f431,"300038 - Star Road, West Kensington",51.48724429,-0.205279052,9,14
c67cf776725bf48f5b151fd06b6285b5,"300039 - Wendon Street, Old Ford",51.53603947,-0.026262677,15,3
f102b1111f0eaace9eec79779f7bfcda,"300041 - Finnis Street, Bethnal Green",51.52458353,-0.058631453,5,14
8028515daa5c11d7b5fde5d4b7ef4fde,"300053 - Stephendale Road, Sands End",51.46822047,-0.190346493,16,28
2f14a0cf466890807bb172bc12d326b3,"300046 - Alma Road, Wandsworth",51.45799126,-0.184806157,1,26
22dd9c7f455f2c8b36f130b8c84d8bbe,"300050 - Walworth Square, Walworth",51.491327,-0.096518684,10,13
a20657730893330fc07b24b5ff455fa9,"300047 - Alfreda Street, Battersea Park",51.47505096,-0.150908371,15,6
4df4c1a61068e8b3db4e706cd399707d,"300044 - Putney Bridge Road, East Putney",51.46199911,-0.206240805,16,12
912100dd5d2cde961242dcd492bac422,"300043 - St. Peter's Terrace, Fulham",51.47893931,-0.208485293,3,20
b3bfe920f43212cf2925dfb3f6fa5c43,"300082 - Bridge Avenue, Hammersmith",51.49208492,-0.229116862,6,10
22ea277021b0890c2cb89459df7fa1c2,"300083 - Duke Street Hill, London Bridge",51.50630441,-0.087262995,10,7
decc690ca8ab17c12d3cb560edc3a123,"200120 - Grant Road East, Clapham Junction",51.46489445,-0.17302926,3,25
885aa1df3cac23559eb5b40d48c37253,"300088 - Queensdale Road, Shepherd's Bush",51.50659035,-0.216104479,15,8
f3b91b2486b3d4ad963ed4f1c777fccb,"300086 - Fulham Broadway, Walham Green",51.47993289,-0.19411695,14,11
da31d4ed316bd9f373b9b65226e8bd9f,"300087 - Imperial Road, Sands End",51.47514228,-0.187278987,27,9
1f723dda1baca2b8c13e7395f4766955,"300084 - Sirdar Road, Avondale",51.51092871,-0.214594781,9,17
75d93c810d5cbe6cb5a7f2fbb3fb2f61,"300085 - Freston Road, Avondale",51.5129814,-0.219486603,9,13
df7141a19f8de7e207181417c169f5f1,"300078 - Oxford Road, Putney",51.46079243,-0.212607684,28,1
b50e7fcc091a7bb996645d914858cd81,"300077 - Ingrave Street, Clapham Junction",51.46745485,-0.172293499,19,11
db79d474fae5452c0ee6cfa826d14442,"300075 - Upcerne Road, West Chelsea",51.47816972,-0.18243547,24,3
1abd626b32beaac8cb1120144d0c97a4,"300076 - Lots Road, West Chelsea",51.4795738,-0.17903854,22,2
87de1a2c4b793d26f62410808c48f7ae,"300089 - Ormonde Gate, Chelsea",51.48796408,-0.161765173,6,14
fc13cec797c8d375047af309197b3035,"300092 - Hertford Road, De Beauvoir Town",51.53727795,-0.079201849,16,9
0d050bd8136b44ea4429f899aa5dd06c,"300081 - Haggerston Road, Haggerston",51.53932857,-0.074284675,23,13
c8bdcf3ed82231a237888af8de2da458,"300080 - Culvert Road, Battersea",51.4710956,-0.157850096,23,2
a185924831891de121774a0abab95a14,"300074 - Newton Street, Covent Garden",51.51612862,-0.120909408,5,19
a29c6d919e37e086fe65901260ba1579,"300079 - London Street, Paddington",51.515117,-0.17371276,0,17
2252f79019ed2aa466bd5750fbe43997,"300067 - Grenfell Road, Avondale",51.5129006,-0.214762686,8,16
0c214fd5844b79f5ace4631b36babc8a,"300058 - The Vale, Chelsea",51.48512191,-0.174971902,22,2
001420f03e8b4f08f1bcc9bdc0260651,"300073 - Prince of Wales Drive, Battersea Park",51.47515398,-0.159169801,11,10
a4ed9c494ef55af5c85cf3fc52cd7efa,"300069 - Harcourt Terrace, West Brompton",51.48795853,-0.187404506,13,11
aadb55c43bffce99f9347840c76651cc,"300072 - Broadley Terrace, Marylebone",51.52456169,-0.165668686,9,9
c787b35138626eb5eb146e2c81e870e7,"300068 - Humbolt Road, Fulham",51.48321729,-0.211860644,8,18
7c2cdef30e75123d21edbd7381edf2b5,"300027 - Mile End Park Leisure Centre, Mile End",51.52059714,-0.032566533,24,23
8687fa44c969d19da9b2900804e2508b,"300064 - Ranelagh Gardens, Fulham",51.46760141,-0.20682737,11,26
8277a07a35f76cf828604ae9938fea21,"200079 - Ram Street, Wandsworth",51.45752945,-0.192165613,18,2
8ea647e16f07cdfecb28f07afaf1482b,"200177 - Santos Road, Wandsworth",51.45705988,-0.200806304,24,5
cf1c7f499d25de073d091384bab78f13,"300001 - Sandilands Road, Walham Green",51.473611,-0.191803,5,16
bca593837e5ed71410c9e529945554c7,"300097 - Gwendwr Road, West Kensington",51.491026,-0.209121,22,8
270f267381a6a855aeaddebcec4d8003,"300007 - Rifle Place, Avondale",51.509224,-0.216016,18,3
e54b6b92660d5707a55c3b22be51df61,"300015 - Binfield Road, Stockwell",51.47250956,-0.122831913,14,19
631d0a4d673ca6ab0a67af93f61013c1,"300098 - Hurlingham Park, Parsons Green",51.470131,-0.20464,15,3
74f2d9391f29014770175f75abe90553,"300101 - Little Brook Green, Brook Green",51.496664,-0.223868,16,14
6b86ff2eb6ffce7a525b1f7d5290cb1f,"300100 - Limburg Road, Clapham Junction",51.4619230679,-0.165297856693,14,7
2765e4eac07830d01f38edd39e52b6e0,"300070 - Imperial Wharf Station, Sands End",51.474665,-0.18316517,2,20
d0fc27bc82f47b9966c048ae5d93878b,"300032 - Victoria & Albert Museum, South Kensington",51.495898,-0.173009,1,29
e5bef29f53361738b2e94538ca9d8a9a,"300210 - Halford Road, West Kensington",51.483911,-0.19760944,3,20
24ab10d466840d868d4bf46225049c54,"300213 - Monier Road, Hackney Wick",51.5403115,-0.021630359,0,26
b1c256158ef680127fc708ee48af4b3b,"300200 - East Village, Queen Elizabeth Olympic Park",51.546326,-0.00993526,27,7
47bba14a9288c1ae740ef66500ed5107,"300227 - Timber Lodge, Queen Elizabeth Olympic Park",51.546805,-0.01469126,30,5
cbfdd7b66cc21a9d41f6b6987ac96fb3,"300226 - Copper Box Arena, Queen Elizabeth Olympic Park",51.544909,-0.0205426,17,13
96a2d1f3d11361f21b51da0df5786d20,"300234 - Stratford Station, Stratford",51.541793,-0.00481,23,5
1573adc95e0db280dd1531ea15f74eda,"300205 - Cromer Street, Bloomsbury",51.528279,-0.11955857,13,15
fbd3c3002688d5e6ad8c6479a3031423,"300204 - Victoria Rise, Clapham Common",51.461376,-0.14780467,12,8
56265577799c01b2754edd655d4aaa06,"300201 - Coram Street, Bloomsbury",51.524,-0.12640984,2,27
fcedd183a384beb226c0c25e04df208b,"300211 - Ossulston Street, Somers Town",51.5293,-0.12827903,1,29
072c36394de14cadaae53d0086822740,"300212 - Birkenhead Street, King's Cross",51.5301998755,-0.122299440803,6,19
6443d6fd204d5485698ddf6113121faa,"300202 - Kings Gate House, Westminster",51.4976984561,-0.137598896295,15,8
a24ee9277e9aa1238727097fc4a26f37,"300248 - Sopwith Way, Battersea Park",51.4811219398,-0.149035374873,21,7
0f16524487ca1a3265628ca1fdd0bdb9,"300208 - Lavington Street, Bankside",51.5052241745,-0.0980318118664,10,18
106c1fdcd37c9cd81b5cfe053d3a1afe,"300209 - Albert Square, Stockwell",51.4765900593,-0.118256789081,8,22
4390c32dba33599524f05b3bab0de1dc,"300238 - Southwark Street, Bankside",51.5054099403,-0.0983410884509,17,6
95609b82d35fd13d1f6d1bfefcad094c,"300243 - Good's Way, King's Cross",51.5346677396,-0.125078652873,3,24
d36ee573e5439138ff56a137ec945093,"300241 - Handyside Street, King's Cross",51.5372405623,-0.124807385707,20,5
1e816bbbb2182f9673f9b15db86165bf,"300207 - Gauden Road, Clapham",51.464995,-0.13090885,1,20
6470019e9d2cfd6a0a3daab5569f4596,"300240 - Lincoln's Inn Fields, Holborn",51.5162778834,-0.118272991635,5,23
8da67bee71b3c7d2f278c25a61c71cea,"300237 - Tate Modern, Bankside",51.5067252868,-0.0988072461627,13,16
d6e1b9e0c27bc47a8adb706ca8755bfd,"300228 - Westferry Circus, Canary Wharf",51.5057030357,-0.0277727426235,15,20
93e7b5e58c97efa3c76192e5447d47dd,"300217 - Here East North, Queen Elizabeth Olympic Park",51.5487311915,-0.0226065549321,23,3
ee8c0232639e1cdad44a75f9a59549a5,"300224 - New Spring Gardens Walk, Vauxhall",51.4878074485,-0.122759625866,17,20
17dd7cad2893d58d50f9f8391bc81d0a,"300245 - Clapham Road, Lingham Street, Stockwell",51.4714330677,-0.123670735702,28,2
7bee4aa893c267515322f2a1cfc103ba,"300219 - Here East South, Queen Elizabeth Olympic Park",51.5465327935,-0.0205975904647,27,1
3cbc93ed6f301f12326001c10c956c04,"300232 - Riverlight South, Nine Elms",51.4813354746,-0.138212295869,21,3
effde7fc2c87ecdb0ae495030835f6a3,"300239 - Victory Place, Walworth",51.492807,-0.091938,5,18
5c6681ec2db278ca2bba672b509284aa,"300221 - Battersea Power Station, Battersea Park",51.4835074867,-0.147714557371,4,23
ce4c49a845b47ebc7c7a4881d4543798,"300225 - Normandy Road, Stockwell",51.473874,-0.11258096,21,11
3b837e258b1fc7c844a62e292d7e4e39,"300230 - Wynne Road, Stockwell",51.469217,-0.11268674,22,3
2873127caabb5916e1e153e5000ff06b,"300229 - Sidney Road, Stockwell",51.469202,-0.11902256,5,22
fa24c54d901cf271138c7cd43723bdc7,"300215 - St John's Crescent, Brixton",51.466232,-0.11317995,17,6
eaeacbf1ade80d293e545af87b12daa7,"200240 - Ferndale Road, Brixton",51.464019,-0.11578197,11,18
bca76764102e59f7ca3f9a0d85c89b9a,"300206 - Saltoun Road, Brixton",51.460232,-0.11537509,31,11
ca789275d1eefb41eb4c5882f709ddbc,"300216 - Gas Holders, Battersea Park",51.477966,-0.14785703,18,7
fc0a260fc584c45809316ef2fbcd9ce7,"300220 - Farringdon Street, Holborn",51.516785,-0.10494775,20,4
6900a8774d4b47db2cd8c16b3488d4f2,"300235 - York Way, Kings Cross",51.541596,-0.12544145,1,23
33a8f7debb870fa15bb4c843fc2b5120,"300222 - Fore Street, Guildhall",51.518093,-0.0914017,20,5
81ad7dfdd9e33c21efc5ce00302f4d92,"200144 - Sea Containers, South Bank",51.508033,-0.10682363,7,23
7316372c4a7205d05c5bab52e27493a6,"002667 - Tower Wharf, Bermondsey",51.500845,-0.074704305,4,14
b31dfba79454fb973dfeefbfe5253d7f,"300252 - Canada Water Station, Rotherhithe",51.498439,-0.049150215,25,9
7df7c586d74bbe3dc73d2f5de3686283,"300029 - Lee Valley VeloPark, Queen Elizabeth Olympic Park",51.549369,-0.015717614,39,4
849f48b48bafbb89ec76ebcd99426342,"300060 - Brandon Street, Walworth",51.489102,-0.0915489,14,8
e3510c1d72764fdb985f5fa0dd6febe3,"300063 - Burgess Park Albany Road, Walworth",51.48224,-0.0942844,20,9
ba9551ffdb93b1dabce99cafd7973461,"200049 - St. Katharine's Way, Tower",51.505697,-0.070542,17,6
2302e612fc97753472b534a6bb2e4c73,"001221 - St. George Street, Mayfair",51.51196,-0.142783033,16,2
367e08c523c6b20c0bfcb44d92acb002,"001114 - Pont Street, Knightsbridge",51.4968865,-0.161203828,8,16
87f883703c381d27982f597be44f2968,"001230 - Millennium Hotel, Mayfair",51.5109192966489,-0.1511263847351,10,17
d0ca154129878ce71261d563d8da9238,"001013 - St. Chad's Street, King's Cross",51.53005939,-0.120973687,2,21
8e74e96bcc8d74d7621f8201cee921dd,"003420 - Sedding Street, Sloane Square",51.49313,-0.156876,26,0
7c43ac2c8fefa2a6e3e0e6b57654e7cf,"003424 - Broadcasting House, Marylebone",51.51811784,-0.144228881,18,0
3cfb2e2f14bae0a732355a62bddc9c5b,"003422 - Charlbert Street, St. John's Wood",51.53430039,-0.1680743,10,5
eb6118aa3239e9efa04140f0b59d1421,"003423 - Maida Vale, Maida Vale",51.529857,-0.18348604,8,28
34f12d82e3ca61d17f7d9c12370d3a94,"000970 - Scala Street, Fitzrovia",51.51991453,-0.136039674,11,10
4e51d9371d163d00fa429d4ab45d5a3b,"000988 - Great Russell Street, Bloomsbury",51.51772703,-0.127854211,8,18
31bdd619e2329a357d6a2539e03a204e,"003426 - Lansdowne Drive, Hackney Central",51.539834,-0.062806212,13,13
3704deafdc9a47f1a3b445511be1477b,"003425 - Northington Street , Holborn",51.5222641,-0.114079481,3,15
fc361652ce79b548fb53570c962bb381,"003421 - Red Lion Square, Holborn",51.51943538,-0.119123345,2,14
b6f5084be0c3ad9e5be9543651f265b4,"001004 - Doric Way , Somers Town",51.5288338,-0.132250369,13,37
1fc53089767ea1c8d51982563a0b43ea,"003427 - Fanshaw Street, Hoxton",51.52953709,-0.083353323,9,27
ec216701477953002c2cc922394e7c3d,"003428 - Pancras Road, King's Cross",51.5341235,-0.129386874,9,7
ecd177cb46c6118e64a17c69d05497d9,"003444 - Penywern Road, Earl's Court",51.49159394,-0.192369256,2,15
f9f8531f585de0fe217f9f5b797c22ad,"001083 - Commercial Street, Shoreditch",51.52127071,-0.0755789,1,15
a53a337ad06159c59912543b2f2e1415,"000979 - Wenlock Road , Hoxton",51.53099181,-0.093903825,0,27
7a3a5525ca95ba28f5f4edc90a52176a,"003437 - Curzon Street, Mayfair",51.50706909,-0.145904427,13,2
93b7ba3399d27c5f692353912192d241,"000986 - Finsbury Library , Finsbury",51.52671796,-0.104298194,6,23
3747098b1d3172d39190f67f08e4db9a,"000967 - Golden Lane, Barbican",51.52174785,-0.094475072,0,27
ad77c823e0df2ff31a5779acfe01ffdf,"000974 - Guilford Street , Bloomsbury",51.52334672,-0.120202614,14,18
705d5bc85eb3db15b490092ac523e8cf,"001017 - Great Dover Street, The Borough",51.49738251,-0.089446947,20,13
8d6c20f30cccc9c52d0e2e03cdfe6588,"000990 - Cotton Garden Estate, Kennington",51.4907579,-0.106323685,13,9
a03acb9739d271058a5a1a82c61d9b4d,"000989 - Murray Grove , Hoxton",51.53089041,-0.089782579,1,26
86ad810b4f6ab5bee635aa544e8c7e20,"000969 - Gower Place , Euston",51.52522753,-0.13518856,3,14
ce35f1c4c63edf5aafb5a5c4c4d0d59e,"000985 - Hatton Garden, Holborn",51.51882555,-0.108028472,5,23
99c99aeaa74346da4dcfc157917181de,"000983 - Euston Road, Euston",51.5262363,-0.134407652,0,24
1b835ecc23009691754761254cf8c0f7,"001066 - Calshot Street , King's Cross",51.53136059,-0.117069978,0,24
23c0d5f1a5a05824a6f13720427977a7,"003432 - Farringdon Lane, Clerkenwell",51.52352001,-0.108340165,3,12
5b681d701d430c266f24ba8cb01d1fdd,"001000 - Vauxhall Cross, Vauxhall",51.48591714,-0.124469948,15,2
f9eb8d8d1e06a80682a9e22fe49bbabd,"000976 - Longford Street, The Regent's Park",51.52559505,-0.144083893,2,19
897bb39e0ea6a2102df0eb098a42c594,"003433 - Sadlers Sports Centre, Finsbury",51.52486887,-0.099489485,2,15
85dd8e823090d655dd4c236851f641e8,"003448 - Webber Street , Southwark",51.50069361,-0.102091246,15,29
140eade370399498e89843c64f593e91,"003450 - Great Titchfield Street, Fitzrovia",51.52025302,-0.141327271,10,9
97f177f4bd2a57bccad534e306e60efb,"003452 - Panton Street, West End",51.50963938,-0.131510949,9,11
10c02c62cbb5a643643975e3ab27f7d6,"003449 - Breams Buildings, Holborn",51.51593725,-0.111778348,11,14
aaf16bfefb12f055d960c4e0cbb7917b,"000994 - Tanner Street, Bermondsey",51.50064702,-0.078600401,34,7
a4ec3b1ad5679a6c57177acfb1c318ca,"003434 - Sancroft Street, Vauxhall",51.48947903,-0.115156562,16,8
4911693b4793a99186f2c90909954ac4,"001006 - Bayley Street , Bloomsbury",51.51858757,-0.132053392,17,7
33b43cd4ba904b92de79cf2e570970dc,"003439 - Tavistock Place, Bloomsbury",51.5262503,-0.123509611,12,7
d846a6e65490cdd1dd9ce3781de74e31,"001076 - Walnut Tree Walk, Vauxhall",51.49368637,-0.111014912,4,16
26f3ace6e97fd4188f5059d957af55e7,"001082 - Borough Road, Elephant & Castle",51.49889832,-0.100440521,36,3
34b0ed5dc0e100f0b0f5cd9dc1439f33,"001070 - Bricklayers Arms, Borough",51.49506109,-0.085814489,16,12
004cab6485d7adb50b6a85cbe152399a,"003447 - Gloucester Road (North), Kensington",51.49792478,-0.183834706,7,10
8900f70cf9dd2215d75a5bcc3f6ab2fb,"000972 - Hampstead Road, Euston",51.52554222,-0.138231303,7,46
1c8b54899f475eef63a106429e499ef1,"001059 - Albert Embankment, Vauxhall",51.49043573,-0.122806861,23,0
a00a8469357c70b0a63b6a19647fc6a5,"003441 - Vicarage Gate, Kensington",51.50472376,-0.192538767,0,16
5aed0dcfbbed838d25751b6c950446e2,"001061 - Stonecutter Street, Holborn",51.51580998,-0.105270275,21,0
7ba6641f81a7669039947f3533592670,"003435 - Gloucester Road (Central), South Kensington",51.49646288,-0.183289032,5,14
7e06462eb104da436af357e4ccc05a76,"001062 - Braham Street, Aldgate",51.51423368,-0.073537654,16,15
79eaa08133de6c86ad78ae63ef229fdc,"000998 - Lollard Street, Vauxhall",51.49288067,-0.114934001,16,9
229d9889deda4e8b1a1b6a0f219e159f,"000964 - Bath Street, St. Luke's",51.52589324,-0.090847761,3,15
b2dab5bac41bfdcb17578e76bff6f341,"001086 - Baker Street, Marylebone",51.51891348,-0.156166631,19,2
0240e9a1639bc6cb84aa11a2d28e1584,"001068 - Norton Folgate, Liverpool Street",51.52111369,-0.078869751,17,5
c93a29476bef09b1d11ab598160c28f4,"000992 - St. John Street, Finsbury",51.52836014,-0.104724625,8,10
95cb9e8de32f7f352b060d10375e05a5,"001069 - Eaton Square, Belgravia",51.49654462,-0.150905245,10,10
72c9fde8ce6037dd6c014f5f7e3bef64,"001063 - Wood Street, Guildhall",51.51700801,-0.09388536,17,0
6a71ec355afabf8f1e4b2176c481dbd1,"001005 - Eversholt Street , Camden Town",51.53300545,-0.136792671,1,14
6519869a18cd87b32a349aa16cb6ed9e,"001078 - Lambeth Road, Vauxhall",51.49488108,-0.117974901,7,11
7913cdc8a54d24804d90dbe2718c0505,"001003 - Chapel Place, Marylebone",51.51530805,-0.147203711,15,13
59e072e16d3bf77a43cd89e9f2f2d35a,"000965 - Tachbrook Street, Victoria",51.49211134,-0.138364847,5,11
43683893fc3c5bd00726ebdba71eaccb,"001073 - Kennington Road Post Office, Oval",51.48478899,-0.110683213,7,10
22111b71adc75acb6bd0a3584907b0c6,"001002 - Holy Trinity Brompton, Knightsbridge",51.49705603,-0.168917077,10,18
92d750b2e1edd463883433f9ba22f9cc,"000966 - New Kent Road, The Borough",51.49443626,-0.092921165,23,10
92956fc8461e6fd36db4f14fea45d651,"001094 - Wright's Lane, Kensington",51.50039792,-0.193068385,20,17
a06cf8b22c859d4494da6c819c702fe5,"001178 - Cleveland Gardens, Bayswater",51.515607,-0.183118788,6,10
0299b28dbeb0f206f4bd894105b3c143,"001057 - Hardwick Street, Clerkenwell",51.5278427,-0.1080682,5,25
212adf7b98627cc26db562dc1c293fd0,"000997 - Worship Street, Shoreditch",51.521668,-0.079608554,10,40
2b583796f0c314671d377d6bb7ac374a,"001173 - Gloucester Terrace, Bayswater",51.51791921,-0.188098863,6,17
73ee7ff8e483a294f1fc8baed1e2d748,"001166 - Bell Street , Marylebone",51.52202903,-0.165842551,11,7
db5d85f5545c138a6e65c603a1b414f4,"001165 - Riverlight North, Nine Elms",51.482362,-0.13612398,12,11
0793190786c7e2436cbd7b2e35b80783,"001174 - Alderney Street, Pimlico",51.48805753,-0.140741432,3,11
8286c006b3a0df87f5dc28855bebc67d,"001172 - Queen's Gate (South), South Kensington",51.49247977,-0.178433004,2,23
5504ece9023cac24cfc7c6b690786f28,"001104 - Claremont Square, Angel",51.53166681,-0.109914711,0,18
2af132980e1adfb83bf1c03d248d3d9c,"001106 - Rampayne Street, Pimlico",51.48997562,-0.132845681,15,6
607a284a2ef5f638d04bc3bbdeef1a0a,"000961 - Union Street, The Borough",51.50368837,-0.098497684,17,0
587808be4f977f94d640bee62395d3aa,"001171 - New Road 1 , Whitechapel",51.518154,-0.062697,17,16
631049841514f97b5f6046ef94076c2b,"001175 - Mallory Street, Marylebone",51.52505151,-0.166304359,10,10
89c49273f6adc36c18b8104f9900994d,"003454 - Denyer Street, Knightsbridge",51.49358391,-0.165101392,8,22
3ddf95a88940413acffe973f6d391e3d,"003487 - Campden Hill Road, Notting Hill",51.50658458,-0.199004026,6,10
ac18f9273fd960145da73ab7b7689cf8,"001081 - Liverpool Road (N1 Centre), Angel",51.53450449,-0.106992706,13,11
0808c4044c132d65fe7b2993667ff21a,"001099 - Frampton Street, Paddington",51.5233534,-0.175116099,16,14
2c789b57ba3a7662fa47d6555fedec69,"001103 - Gloucester Street, Pimlico",51.49096258,-0.139625122,18,7
449e5356254f1ab3c8aa352a4abfa564,"001091 - St. John's Wood Church, The Regent's Park",51.530529,-0.167515,16,34
bf6df1db7def4f320bacb16a643999e7,"003440 - Royal Avenue 1, Chelsea",51.489932,-0.162727,6,4
21c8166f2da7268d15a593e1055fe1f6,"001194 - Westminster University, Marylebone",51.52248185,-0.154907218,0,15
8489307e1040b42b2b4729a430ef93ab,"001180 - Bourne Street, Belgravia",51.490959,-0.1532331,11,3
4c5f595119d2d0fe504f3e0d0166ebff,"001095 - LSBU (Borough Road), Elephant & Castle",51.49874469,-0.103132904,35,0
ffed1f8b73ecaad1a851050b9632e0c7,"001184 - St. Mary Axe, Aldgate",51.51422502,-0.080660083,20,0
e86f0e7be2bdfddfdf8d23e3131d5bae,"001087 - Belgrave Road, Victoria",51.49320445,-0.144132875,17,10
0b3b4139c1537752cee3c2a49f3551ca,"001191 - Barbican Centre, Barbican",51.52004497,-0.092176447,8,11
b81833c658539bb94d8aec6735fb8029,"001142 - Tooley Street, Bermondsey",51.5034938,-0.07962099,22,0
90ee7aa32e29e6818e4706e49dda1c31,"001187 - St. John's Wood Road, St. John's Wood",51.5272947,-0.174653609,1,34
c1eb30e4d2f4458fd6a41e4556047e37,"001206 - Montpelier Street, Knightsbridge",51.49888404,-0.165471605,13,3
8644a3e104a87864707ba75ed71875d6,"200069 - Knaresborough Place, Earl's Court",51.49363156,-0.190603326,4,14
0229d9e377ddbec96804f441d5eaabc3,"001189 - Long Lane , Bermondsey",51.49907558,-0.085666316,0,19
2f99eb25296c0d8a23bcc9fa5e1ab6d9,"001200 - Ontario Street, Elephant & Castle",51.49652013,-0.101384068,0,14
0356bcafae23d70c27ca1c0daeb2a764,"001158 - St. Martin's Street, West End",51.50908747,-0.129697889,1,15
6d356f013370095b07a1ac81f7e7def4,"001203 - Eastbourne Mews, Paddington",51.51641749,-0.179135079,0,34
afc905773e187285152c9ebf422103c6,"001188 - London Zoo Car Park, The Regent's Park",51.53692216,-0.150181444,25,10
1c5b32240dab6a67650acf77d6aa677b,"010627 - Grosvenor Square, Mayfair",51.51217033,-0.150481272,15,1
0b9d0cf63466b494b222dda8bf8a61aa,"010623 - Greycoat Street , Westminster",51.49459148,-0.134234258,7,10
74626facccd213ef091c1f9b8497f0ce,"002694 - Clapham Common Station, Clapham Common",51.461388,-0.13922146,5,9
6b89afb2b02682c27ffdfb3c73c7a487,"002685 - South Kensington Station, South Kensington",51.494412,-0.173881,8,6
abf6c7b8129b0fc2b96da2a2991afcbd,"002691 - Howland Street, Fitzrovia",51.520994,-0.139016,29,0
f24e5a2aa55df64ce4bbc9c1e8ccb478,"002686 - Royal College Street, Camden Town",51.536264,-0.133952,20,37
fcc0e9e121eee23acf6d03fc5d8545f9,"003507 - Store Street, Bloomsbury",51.519572,-0.13214036,10,22
78f6e5f811d55efc101ca6fa79d497bd,"002690 - City Road, Angel",51.530344,-0.100168,8,39
4cd72f7733d5495f3d51cfec30720f5c,"010632 - Kensington Town Hall, Kensington",51.50194596,-0.194392952,1,17
667d571112d82080bf1cd6f7f75fe475,"002669 - Charlotte Street, Fitzrovia",51.51953043,-0.13577731,1,13
8f8b91218424d368afb1fd42d198ac48,"002703 - Fire Brigade Pier, Vauxhall",51.49369988,-0.121394101,15,15
468e55c11e25e3e31cf8b6305a6858fb,"002699 - Snow Hill, Farringdon",51.51733427,-0.103604248,14,1
840183d5e5c0aaa1afe599b3f3b61afa,"002698 - Aberdeen Place, St. John's Wood",51.524826,-0.176268,2,16
f19019e79f2261e26f7c05d9c49ff6fa,"002695 - Cadogan Gardens, Chelsea",51.492462,-0.159919,5,9
2c8768870b94da967a117e459bfc38a8,"002693 - Shouldham Street, Marylebone",51.51809,-0.163609,4,12
42d7fc630fd13200727d88af5f655d87,"010631 - Holland Park, Kensington",51.502319,-0.200742,0,30
a13c0b360e7d73624fb7b891e636d6da,"002687 - Brick Lane Market, Shoreditch",51.52261762,-0.071653961,20,3
048167d1aabd3c8fe55fe75b2b93dbda,"002701 - Columbia Road, Shoreditch",51.528187,-0.075375,1,22
8b1f02423f3951fd6c337014465d7f7f,"010625 - Penfold Street, Marylebone",51.52289229,-0.171681991,4,10
23ee76ce7a5418e315a92a4f79ea12a2,"010630 - George Place Mews, Marylebone",51.51689296,-0.158249929,0,16
dbc74342043fe3729612c883c38be598,"001107 - Gloucester Road Station, South Kensington",51.49418566,-0.18267094,5,9
51ed3838f972ad14d2ad3fb77a88ecbe,"001058 - Edgware Road Station, Marylebone",51.519968,-0.169774,24,40
10f2182940197719972c8582dedc455d,"010629 - Rotherhithe Roundabout, Rotherhithe",51.499169,-0.055846029,11,8
7183ee31d1efdfd22b0db020578aed9b,"010628 - Cleaver Street, Kennington",51.488105,-0.110121,9,8
7a4a4641fc87cdf7df8317301e441489,"022160 - Chelsea Bridge, Pimlico",51.485821,-0.149004,1,13
f6ef303e9fddef1125d77d70779323d0,"022164 - Eaton Square (South), Belgravia",51.49456127,-0.15393398,18,13
b7c7d4a63b64fe581bf90c0f503ad850,"022159 - Ebury Bridge, Pimlico",51.490491,-0.149186,9,18
1c2b25875836a3fb31722e96f8e28e03,"022161 - Vincent Street, Pimlico",51.493072,-0.129925,0,17
ae29319c0f374706026630b67281e0e7,"022182 - South Parade, Chelsea",51.48902,-0.17524,4,13
a2bcb76953c934e02851a2c10a0e2bdb,"022183 - Crinan Street, King's Cross",51.534474,-0.122203,4,16
15109e5a69409fd8aced9f4f43e9b282,"022169 - Wren Street, Holborn",51.524564,-0.116279,11,22
38bf21ad3764f351f8edcd41f7839135,"022170 - Kennington Station, Kennington",51.488852,-0.105593,15,5
7ae75eef039f7de4e0452bd69c33a304,"200003 - Cheshire Street, Bethnal Green",51.52388,-0.065076,11,17
262b58663806397b5489fce04412a3b2,"022165 - Fisherman's Walk West, Canary Wharf",51.50623,-0.02296,29,6
f14bf8c3ef59dd5628d3cd378a537156,"200002 - Jubilee Street, Stepney",51.515975,-0.053177,2,25
6b38469a16791cc0c1ed61f5a90b142e,"200118 - Parkway, Camden Town",51.538071,-0.144664,11,21
7fb8ce74ed1629b194bb5f83c68d1126,"200123 - Burdett Road, Mile End",51.516196,-0.029138,27,6
f32c2c3ca24a2a029479997a7b593836,"200105 - Bonny Street, Camden Town",51.541603,-0.138853,18,26
5fc3075a5d19de383fa168861d481edd,"200093 - Thurtle Road, Haggerston",51.534776,-0.071881,12,8
83257108e73bb026fc286017773acf76,"200082 - St. Mary & St. Michael Church, Stepney",51.51417,-0.052099,9,16
79bf4e7ec597b420028d1a376014aec1,"200006 - Hewison Street, Old Ford",51.533283,-0.028155,5,14
15bfe9b89d354f9e475cb0f51d3a85e2,"022167 - Millharbour, Millwall",51.496137,-0.019355,15,4
46693665d824142293283904bf0cc18c,"200004 - Lightermans Road, Millwall",51.499041,-0.020157,17,13
d3743c478be53f618f6a517de8c87131,"200115 - Flamborough Street, Limehouse",51.5128711,-0.0389866,8,17
d2f75c44903053f21734412f3f99f78c,"022166 - Albert Gardens, Stepney",51.51328,-0.047784,11,20
2b2e79b5240d07027b2d16bce65e378d,"022172 - Bromley High Street, Bow",51.528828,-0.013258,20,4
a5ffd1e8cbf9d9df1b3860e3afe7e9a1,"022173 - Old Ford Road, Bethnal Green",51.531127,-0.048017,19,5
4c43ad395d3dac1e1fe832acfe73b271,"022174 - Granby Street, Shoreditch",51.525645,-0.069543,16,21
dca9de463259af41bb1ec875b1ce4e72,"022175 - Canton Street, Poplar",51.511811,-0.025626,18,5
45f0da54e1a89d1baa652bc1824ee2a4,"022176 - Reardon Street, Wapping",51.506946,-0.058681,4,16
70c0359e29d8928f57524b25d232dd55,"200090 - Pennington Street, Wapping",51.508622,-0.065006,10,35
0c45f2e9221ff70fcd1393becd3e189e,"200073 - Cephas Street, Bethnal Green",51.522561,-0.054883,0,24
585cdbb961ae5660dc80e186b577717c,"200131 - Clarkson Street, Bethnal Green",51.528692,-0.059091,9,21
b9dc6b33669800e4d35475ed1c807f5d,"200083 - Pritchard's Road, Bethnal Green",51.532091,-0.06142,19,11
cd36726ef28e2fafac83653494196bb6,"200080 - Russell Gardens, Olympia",51.500088,-0.211316,3,20
9be353ece53f5082f98c5d926fa07ef9,"200089 - Chrisp Street Market, Poplar",51.5112,-0.014438,17,1
45ea36f06867de36abe81328a8c0baa3,"200088 - Clarges Street, Mayfair",51.507326,-0.145827,11,5
ec88763a4e3d350c67ffd5e62ea72452,"200134 - Albany Street, The Regent's Park",51.528302,-0.144466,4,22
490fc8f7ce4600ede9fbbd905746a28a,"200070 - Arlington Road, Camden Town",51.539957,-0.145246,23,0
08edaa617d83bde5b4442416268ec796,"200127 - East India DLR, Blackwall",51.509474,-0.002275,21,30
a6ad89a32404f74180d5d21194daaac2,"200076 - Westminster Bridge Road, Elephant & Castle",51.498386,-0.107913,21,5
7c45c2340419e6c219adec080c16d68a,"200132 - Gaywood  Street, Elephant & Castle",51.49605,-0.104193,25,19
c219946fa438fb0c48a17f724f98fced,"200102 - Harford Street, Mile End",51.521564,-0.039264,0,23
7f7a5907a504e6ac189a9a05f62254b9,"200078 - Aberfeldy Street, Poplar",51.513548,-0.005659,11,5
227e07b1a65023f34b6a81216978d358,"200074 - Bury Place, Holborn",51.51746,-0.12335,6,15
ad2ba3451277638c10f6949385e6c5de,"200135 - Selby Street, Whitechapel",51.521905,-0.063386,5,10
217edc964437eb6efdbccc3ed36b0b3e,"200110 - Bishop's Bridge Road West, Bayswater",51.51616,-0.18697,2,15
3f28f578d3de1ffad83363ea9326bdcd,"200099 - Upper Bank Street, Canary Wharf",51.503083,-0.017676,33,2
75729b0848cbff44155d48a4af4da81b,"200001 - Limerston Street, West Chelsea",51.485587,-0.18119,17,1
82df910a038aab0860599aab3b493498,"200109 - Alpha Grove, Millwall",51.497304,-0.022793,5,18
77cea77e8439d3798d5fa927465eb6d9,"200084 - Doddington Grove, Kennington",51.48692917,-0.102996299,22,13
367d60bd642bccad99e175c831253da3,"200005 - New Cavendish Street, Marylebone",51.519167,-0.147983,6,11
1607af940b203fa105918dfa704b7f8a,"200086 - Ilchester Gardens, Bayswater",51.51244,-0.19096,13,7
504982eb10df74147802015114f59769,"200092 - Mudchute DLR, Cubitt Town",51.490645,-0.014582,30,0
f982e224fe3c97d63ad8a1a1866d07c0,"200101 - Monument Street, Monument",51.50964,-0.08497,17,5
61e324d4415765955c6d325cbea107a8,"200108 - Bishop's Bridge Road East, Bayswater",51.5171,-0.18377,3,17
3d4b2ff3bc7e66de0a5b53ab9fcd8662,"200133 - South Lambeth Road, Vauxhall",51.481747,-0.124642,10,10
cfccd57188cb7ecee3d3941ab2faa090,"200125 - Putney Bridge Station, Fulham",51.468814,-0.210279,8,8
ac7bb375df802f39016e81ce8bf357b0,"200025 - London Fields, Hackney Central",51.54119,-0.058826101,1,17
8d8f0a34a7ed926c7ebf4d809ed0ef51,"200029 - Finlay Street, Fulham",51.4768851,-0.215895601,4,19
17958937b1c48b0fd144259a19a9771e,"200007 - Holden Street, Battersea",51.4687905,-0.158230901,17,3
200ce1c95540e578b1ef93671d5c2e08,"200062 - William Morris Way, Sands End",51.46881971,-0.184318843,16,9
f331e40f9d40ee41bffdbe556311861c,"200040 - Broomhouse Lane, Parsons Green",51.46841875,-0.199135704,17,12
488f2307faa3e0c03d1f6f08c6c79fa2,"200059 - Crisp Road, Hammersmith",51.48810829,-0.22660621,14,31
8900c1e60f0859d490ead1e113dbe9b2,"200119 - Dorothy Road, Clapham Junction",51.46506424,-0.163750945,11,16
12a2abe76471e64e22ffc5f2721fb250,"200106 - Spanish Road, Clapham Junction",51.45922541,-0.180884959,12,18
240847c90be435be6a1385b18cb689d5,"200129 - Charlotte Terrace, Angel",51.53639219,-0.112721065,0,25
1b342d9cf15dc60b185b8dedc3f7ef35,"200057 - Belford House, Haggerston",51.5366541,-0.07023031,19,20
0d9f93bc4ef280232f179859b1e0735a,"200077 - Vicarage Crescent, Battersea",51.47287627,-0.176267008,14,15
5bc628c96c8e9ca872a1e76429ab77ae,"200094 - St. Bride Street, Holborn",51.51505991,-0.10534448,3,21
5d8952bf7bb3deb72eb7ea6c63f7a737,"200122 - Hawley Crescent, Camden Town",51.54100708,-0.14326094,16,5
69a76d985080e3588101a0e2f900735a,"300094 - Plough Terrace, Clapham Junction",51.46230566,-0.175407201,15,16
740120603adebb82aaf571e1faede557,"200185 - St. John's Road, Clapham Junction",51.46239255,-0.16829214,19,11
15d2f9136d250343100bd764a6f25b10,"300065 - Clapham Common North Side, Clapham Common",51.46134382,-0.159322467,19,15
047b30f0dab5c5bfc2104549f1738a5d,"200072 - Houndsditch, Aldgate",51.514449,-0.077178979,27,1
b79b6cd1f4d455158a298d6165f3cdfa,"002679 - George Row, Bermondsey",51.498585,-0.068981764,9,12
d86c98696da3a97e114e02cc098b1960,"300253 - Bermondsey Station, Bermondsey",51.497995,-0.063471392,29,1
61fa256a92afa658251350cb5017638c,"001162 - Dorset Square, Marylebone",51.5225965,-0.161113413,1,15
7d33e3c5865df062e812598a3667905e,"000963 - Bankside Mix, Bankside",51.50581776,-0.100186337,44,13
22b232cd84d08aa6a4f1432aad2dbcbd,"001201 - Bank of England Museum, Bank",51.51444134,-0.087587447,14,1
59163fcd50c2826bdb8a0334dfbb79bd,"001085 - Old Quebec Street, Marylebone",51.51457763,-0.158264483,7,6
75be1ac532d6f3fb0a8a7ff0ee0bb8ff,"200195 - St Martins Close, Camden Town",51.538792,-0.138535,11,7
3eba01f321c887b482b7ec3fc0856c6e,"200034 - Wapping Lane, Wapping",51.504749,-0.057544,10,18
2fbca07f26ddd1f83e5e70cda8a15abd,"200232 - Preston's Road, Cubitt Town",51.499286,-0.009152,24,2
57821f48dc702b5cd322266beb9e5706,"001208 - Dickens Square, Borough",51.49679128,-0.093913472,24,8
b2502d1e76848ea7a0ac8c5ac20d16bf,"022180 - Cheapside, Bank",51.51397065,-0.09294031,30,11
3d1e7eb1edeefdbc9b6387c7c13c27de,"001096 - Bayswater Road, Hyde Park",51.511933,-0.174411,1,23
76ef9b21e4b268cb49f6deb66440676e,"001217 - Serpentine Car Park, Hyde Park",51.505014,-0.17306032,15,2
2170152c4efd40a4dff0f6c219fd0061,"001110 - Palace Gate, Kensington Gardens",51.50204238,-0.184400221,2,9
39b56b87515a429d96e6d4187e9c378e,"001075 - Hyde Park Corner, Hyde Park",51.50311799,-0.153520935,19,17
43a7f48d18b5950311a758a86869c23b,"000981 - British Museum, Bloomsbury",51.51908011,-0.124678402,6,29
6f2c392f91b28b735ee111fb3e37b403,"001220 - Imperial College, Knightsbridge",51.49942855,-0.179702476,7,14
090f297e79c030688a8a51755ebeafe3,"001231 - Queen's Gate, Kensington Gardens",51.5017154373867,-0.1798541843891,13,8
5f56fcb272427614e7e2dbe8fe57ba9a,"001001 - West Cromwell Road, Earl's Court",51.49372451,-0.198286569,0,24
e274e9785a3243ff0dd9f80bedce6ab2,"200166 - Southerton Road, Hammersmith",51.494499,-0.228188,25,12
02e9d06ab5407e6eaf1dec246d8c452f,"001204 - Queen's Gate (North), Kensington",51.50102668,-0.180246101,5,36
43efeb29033bf6a0cd3a282133638595,"001101 - Knightsbridge, Hyde Park",51.50275704,-0.155349725,28,12
e86816da68dcd5515cec681508aa7ef3,"300020 - West Kensington Station, West Kensington",51.49087074,-0.206029743,7,15
db1aaa3d9c09d35e9eb601319d251acb,"300048 - Stainsby Road , Poplar",51.51542791,-0.02356501,6,16
b80b80093cc313af910a2c5b031fbccc,"001137 - Harper Road, The Borough",51.49859784,-0.096191134,31,9
dce2d3b338d1dd6dec93a88a43cad53e,"000996 - Borough High Street, The Borough",51.50069491,-0.094524319,3,17
88d5d4224939683f692f0b285d9d2eb7,"001195 - St. George's Square, Pimlico",51.488226,-0.135635511,5,10
7680de73ff501efdc9c7f57fc817c288,"001098 - Lower Thames Street, Monument",51.50930161,-0.084985356,3,21
638cafe4efdc9cc3c5dea6a18f9fd314,"001031 - Nesham Street, Wapping",51.507131,-0.06691,2,13
5b1a99b93cc26548e257b02d96214e7b,"001071 - Tower Gardens , Tower",51.50950627,-0.075459482,22,0
f0f07e79719fa88fce54ff704aca83e3,"001213 - Curlew Street, Shad Thames",51.50227992,-0.074189225,6,14
fe8ca457db4e084c3d743b2b2cd0072a,"002688 - Clifford Street, Mayfair",51.51066202,-0.142345694,16,0
effadfd2c04f61c88731e909886d7eec,"001088 - Triangle Car Park, Hyde Park",51.50645179,-0.170279555,16,10
8b5d1ca9a73c7c6c190ce14848ddef64,"200216 - Clements Road, Bermondsey",51.4954,-0.061698585,23,0
3cc40cfffd2cb138659ac4de8ba3abcb,"300062 - South Bermondsey Station, Bermondsey",51.488067,-0.057774596,17,7
4138c93e85376e4fa18aae25aeacf573,"003465 - Eccleston Place, Victoria",51.49395092,-0.147624377,17,1
01ff16aaefe2f189c5666ca0fb84b4e0,"300004 - Harris Academy, Bermondsey",51.492668,-0.072350665,11,7
be5051500e91cfc0d0ec786281f23750,"300059 - The Blue, Bermondsey",51.492221,-0.06251309999998966,19,3
4199b8128833a99369bc72178ed8721b,"003506 - Stanhope Gate, Mayfair",51.50686435,-0.150666888,11,9
ac6f840f490d0c51caeb0aef79631b25,"001205 - Black Prince Road, Vauxhall",51.4908679,-0.116911864,10,9
811235a0fb0bd08db485df3fc85a5993,"003430 - Central House, Aldgate",51.515231,-0.07015,1,16
2efb9f0a73b49ad5f5b5645775bb0781,"200205 - Montserrat Road , Putney",51.46321128,-0.215550761,21,2
8683e5d7b15ffea00f952619d6b2950e,"001041 - Westbourne Grove, Bayswater",51.51552971,-0.190240716,3,23
78af1b8acc4c3b1b5a261abe50ad7b3d,"200044 - New Fetter Lane, Holborn",51.517428,-0.107987,19,2
fbd79d7e9e1996ed0e9955ed4f31b33e,"001008 - Hatton Wall, Holborn",51.5216612,-0.109006325,9,14
8530545a0e7ad19548966ea336e5dd26,"300095 - Michael Road, Walham Green",51.47727637,-0.189210466,6,31
924df621509b9bdeb0a175ea8fdc3b53,"001035 - Boston Place, Marylebone",51.522511,-0.162298,11,14
273c07f533bc9f3e5e83f81162a3c09b,"001060 - Torrens Street, Angel",51.53219984,-0.105480698,1,18
ba2cd8819fd868e29e2468cdba484f6f,"003497 - Rathbone Street, Fitzrovia",51.51816295,-0.135025698,6,10
a24d558c262b3e6364a5a0d2fe61e46a,"200138 - Heron Quays DLR, Canary Wharf",51.502661,-0.021596,13,14
b54a44dbd67d7e1892b2dd375b77b398,"200030 - Driffield Road, Old Ford",51.534137,-0.037366,4,15
7bf350e3ab69a9d547ca5339583fe69d,"001183 - Bramham Gardens, Earl's Court",51.49016361,-0.19039362,1,27
b40fbf7a5a24f0688c9ef74b580a85af,"003499 - Prince Consort Road, Knightsbridge",51.49980661,-0.176415994,6,11
fbbea9fb7cd78453c0fe8c5207af3439,"001015 - New Globe Walk, Bankside",51.5073853,-0.096440751,11,8
64c0f3ca3fb8cbb78e72ae97d0727471,"300042 - Upper Richmond Road, Putney",51.45971528,-0.212145939,19,5
5a405da1d7df902c9e221babb4770b17,"001089 - Queen's Gate (Central), South Kensington",51.49396755,-0.17873226,10,21
b63682b45642a93433dfcbd49ea31611,"200066 - Import Dock, Canary Wharf",51.505772,-0.016460175,19,19
ee5b657420a4bbb92081e8a2b7a401fc,"001027 - Warwick Avenue Station, Maida Vale",51.52334476,-0.183846408,1,17
d23bdc60c7b171b0f09176786b7f50f6,"200081 - Coomer Place, West Kensington",51.4835707,-0.2020387000000028,21,6
1cbf5f3da660fc4a56e15cc2d4cef723,"003455 - Arundel Street, Temple",51.511726,-0.11385596,3,14
ef86a674024a6dd3494b982c2c80fc0a,"000984 - Finsbury Circus, Liverpool Street",51.51707521,-0.086685542,15,16
1946a8144eb01a06fbfe3bc398accbba,"001176 - Waterloo Road, South Bank",51.50486,-0.113001,0,15
7539c77995a0c26c3871b17bd20801af,"002648 - Waterloo Bridge, South Bank",51.50535447,-0.113656543,0,15
87eae870d6a5bdff5873ddcfa3bcecc6,"000959 - Milroy Walk, South Bank",51.50724437,-0.106237501,9,20
e246cab8ca7171880ed17355c942ae39,"000962 - Stamford Street, South Bank",51.50556905,-0.111606696,1,24
c2ccf91a06dab1e0506dc5ffc3936937,"001186 - Belvedere Road 1, South Bank",51.50613324,-0.114686385,15,23
56b545e1c1a9b0ab31721d1965e86eff,"002635 - Concert Hall Approach 1, South Bank",51.505044,-0.115851,0,10
2a6ee20d3037c5a4a03ff7927700ac22,"001212 - Concert Hall Approach 2, South Bank",51.504942,-0.115533,0,18
2087c150615168690b8f7963b831bb6d,"001219 - Lower Marsh, Waterloo",51.50013942,-0.113936001,16,1
45585621706d1455904ba45097902e13,"300246 - Belvedere Road 2, South Bank",51.50621,-0.114842,17,21
49dabe371667a29f3e5bc2da96bbaed3,"001021 - Bouverie Street, Temple",51.51382102,-0.107927706,13,19
333a60e91dc5a90dbbfdb664a578ed79,"001100 - Strand, Strand",51.512582,-0.1150573,9,24
1b208c072e83ce7066f54404041f85a5,"022162 - Southwark Station 1, Southwark",51.504043,-0.105312,27,9
bd364689bad2536e3af104b403da4f9b,"022163 - Southwark Station 2, Southwark",51.504044,-0.104778,7,37
450ffd4b07d1f9b121adac68d54b836e,"300096 - Tallis Street, Temple",51.511891,-0.107349,18,6
b88341cfa06cced2c4342ff5a26ff99d,"300231 - Lambeth Palace Road, Waterloo",51.5000891978,-0.116628700672,35,0
a2b2b10b3d151009a34f768ebfc0bbf4,"001177 - Seville Street, Knightsbridge",51.50185512,-0.159237081,13,13
168e816f71ad97ebac3b5d5e8f30e262,"300061 - Crimscott Street, Bermondsey",51.495598,-0.078893,12,7
be8f8d329aa219de1a9d53bf3a24833c,"001179 - Chelsea Green, Chelsea",51.49066456,-0.166485083,1,13
113ae8a7469fe61e3e0a225bf7f68eb1,"001147 - Clifton Road, Maida Vale",51.52557531,-0.179592915,8,14
fefbd80de948379a493be17f28907a2c,"200071 - Hoxton Street, Hoxton",51.52959,-0.0801,17,10
8b74031fd67c5827a8b62a6f4c130661,"300021 - Podium, Queen Elizabeth Olympic Park",51.538718,-0.011889482,23,15
a5371e8578a64c8ffafe3743ddd082c5,"300203 - Euston Square Gardens, Euston",51.527068,-0.13186102,0,29
0d1d53561dbd7567ed35c217a7b37224,"200189 - Phene Street, Chelsea",51.48498496,-0.167919869,0,24
2def7ed51fc5105a88010ba794791c9a,"200151 - Hoxton Station, Hoxton",51.531091,-0.075901,4,18
c967d4d35ecb709d9a1b9084e9de7991,"002665 - Lord's, St. John's Wood",51.5291212008901,-0.171185284853,0,24
b44e99fc6f4a9f41caad7e84d8fc598d,"200111 - Abbotsbury Road, Holland Park",51.501391,-0.205991,16,8
32d43fd5127553dd5359b7d176a25496,"300014 - Falcon Road, Clapham Junction",51.46663393,-0.169821175,0,28
2f432dd6fb789831aa0e815906f0aefe,"200008 - Portman Square, Marylebone",51.516204,-0.155525,14,3
9a74991295798e69d06c22e2d33a7c36,"001225 - George Street, Marylebone",51.517703,-0.154106,11,15
834b1e535c8263348bb85d34844874b9,"000973 - Bethnal Green Road, Shoreditch",51.52364804,-0.074754872,13,24
cf622f2834d603950474e3f50d1432fd,"002677 - Natural History Museum, South Kensington",51.49559291,-0.179077626,2,39
b224d41f7b616f28ab51d0a647cdcb16,"001199 - The Tennis Courts, The Regent's Park",51.52536703,-0.153463612,9,5
bfcb9cc430d19fd33ccef1a31eb34a39,"001139 - Carey Street, Holborn",51.51501025,-0.112753217,3,13
8bdbc7b9369ba20858fdba2c52fe5da7,"200217 - Disraeli Road, Putney",51.4616107,-0.2161458,30,3
a822fc0482f21d037b47cc14427f1227,"001193 - Kensington Gore, Knightsbridge",51.50143293,-0.178656971,8,14
5ff926c1323dc9ca2cce2ff5eb614962,"200223 - Ashmole Estate, Oval",51.48267821,-0.117661574,18,14
f31169af58eb137ec18976c0003e9d73,"001169 - Grosvenor Crescent, Belgravia",51.50135267,-0.153194766,8,10
daf86fce908419d1cc3c5ef61ce440db,"001164 - Portland Place, Marylebone",51.52071513,-0.14521173,5,28
8ffd15ed4e59c4953e1caa6108cff5f3,"001207 - Tavistock Street, Covent Garden",51.51196803,-0.120718759,14,18
346e7f44f79a74e8f17c994a049986a1,"022158 - Exhibition Road Museums 1, South Kensington",51.496468,-0.17379696,5,8
02f4e9383757666a559b4d993f41233a,"200052 - Exhibition Road Museums 2, South Kensington",51.495947,-0.17368958,3,11
96966d36a0df30576a1f27d3cc7f0c0a,"003453 - Chancery Lane, Holborn",51.514274,-0.111257,1,14
880fa0e2ffbea15a8f200ff3c95630f4,"000999 - Queen Street 1, Bank",51.51155322,-0.0929401,19,1
c6890bdfb7c054f428bc919fe7362e71,"001074 - Newgate Street , St. Paul's",51.5154186,-0.098850915,22,12
4838dbea96e0282e553c5ffec7d2507b,"003469 - Cadogan Place, Knightsbridge",51.49464523,-0.158105512,7,25
ea874ae5b3d911e3b77df302446bc911,"003493 - South Audley Street, Mayfair",51.50923,-0.15128999999998882,6,9
c98f62c5d42352a3d934b1132e9c6950,"001044 - The Guildhall, Guildhall",51.51573534,-0.093080779,17,0
a79f42c5d4ac72535a4e3b81fabe9197,"300250 - Temple Gardens, Temple",51.510981,-0.10832249,3,21
911bcf42fd06c66c5c81e7384762b84c,"001034 - Bruton Street, Mayfair",51.51073687,-0.144165239,11,10
491db6b066ce2d6b406508a8ceeb060b,"001020 - Leonard Circus , Shoreditch",51.52469624,-0.084439283,22,19
5a9da5f40280559cbdb74b2327f7a756,"200163 - Jubilee Plaza, Canary Wharf",51.5034,-0.020242300000006708,37,24
72456ec80ef7e9a136379a8e076d0480,"200128 - Queen Street 2, Bank",51.511246,-0.093051,35,0
3d6462a5765901813cd2ce67cfc4d4b4,"001028 - William IV Street, Strand",51.50946212,-0.124749274,11,15
1136bc9f41f8ac2a6f7cf136c698b78a,"001122 - Ashley Place, Victoria",51.49616092,-0.140947636,16,9
d934ab5acccbbb3f3355b65760d2c188,"003457 - Rochester Row, Westminster",51.49582705,-0.13547809,7,6
0f1607337db3f448a30c88647bf8842d,"001037 - Park Lane , Hyde Park",51.5100172,-0.157275636,4,23
cde4356f52b190dd5030e939e2ab8e5d,"001160 - Craven Street, Strand",51.50810309,-0.12602103,13,10
e2dd673fde5f5bfda209f389b806a4e5,"001097 - Northumberland Avenue, Strand",51.506767,-0.123702,11,25
0191ad8ece6d587cff8369b58327aacb,"003488 - Charles II Street, West End",51.50844614,-0.131961389,9,15
3867c27ec16223caa0914ccab9bc37cf,"001067 - St. James's Square, St. James's",51.50742485,-0.134621209,13,23
ec40caa9740d30e716b10db4d18b7b76,"200231 - Abingdon Green, Westminster",51.49764,-0.12597218,9,10
2e58420ba565800834858cb4a8afcde6,"003429 - Abbey Orchard Street, Westminster",51.49812559,-0.132102166,16,12
8db0529d213deb734a8c2aed7e4683bd,"001072 - Waterloo Station 3, Waterloo",51.50379168,-0.11282408,0,33
912b70934b914e493a25e194e4a97908,"002692 - Waterloo Station 2, Waterloo",51.50391973,-0.11342629,0,55
e4092354360fe82a6c5934e2a8a2dd88,"002696 - Waterloo Station 1, Waterloo",51.50402794,-0.11386436,0,33
b6842b558b28d9325482727c17b98ec7,"200206 - Chicheley Street, South Bank",51.502698,-0.1167474,21,3
139cdedf16e97544e1a19d440914ca93,"001109 - Wellington Arch, Hyde Park",51.50274025,-0.149569201,33,1
48fff4b472ff41ab137fe1af457aefa3,"001132 - Albert Gate, Hyde Park",51.50295379,-0.158456089,5,25
6c059635b05bf7be510ef4eaff29e93c,"003480 - Smith Square, Westminster",51.49580589,-0.127575233,16,0
d79e95513c3b5e1d3c78a65874054481,"200178 - Buckingham Gate, Westminster",51.49886563,-0.137424571,16,0
3d945db428fc6c2372fd51f232de38cf,"300249 - Westminster Pier, Westminster",51.501513,-0.12382322,15,12
75acd596908674204f6b8933c4d3d746,"001032 - New Inn Yard, Shoreditch",51.52452699,-0.079248081,5,15
db33eceb9f98581655c2685f7e811d8f,"001202 - Wellington Street , Strand",51.51175646,-0.119643424,22,1
287b0e689e6bfee27869923990b91bf5,"001077 - Royal London Hospital, Whitechapel",51.518675,-0.06111,28,11
2e63a39cd85a12083f31d2022220a671,"002666 - Howick Place, Westminster",51.49675303,-0.138733562,5,20
cf2e61a4009ebabea219ce8b4aad0705,"200227 - Westfield Library Corner, Shepherd's Bush",51.506093,-0.2242237,5,22
b91fe9edd1fe68c02e35c22992f206e3,"300054 - Chesilton Road, Fulham",51.47569809,-0.20587627,8,14
e033aeb17f71fe2629dd375e23e2719e,"022177 - Christian Street, Whitechapel",51.513074,-0.064094,5,29
03e4ed5b11a4fcefaa386917dd722a5b,"001143 - Kensington Church Street, Kensington",51.50315739,-0.191496313,10,7
17d8ba160bcfddec9db7ee7396528784,"200202 - Storey's Gate, Westminster",51.50070305,-0.129698963,20,0
62cecd6bc82ece1b445983a7b3d110fb,"003436 - Derry Street, Kensington",51.50136494,-0.191462381,13,4
2d1fd6bf5426f3dc34fae06f43f76f69,"001012 - Christopher Street, Liverpool Street",51.52128377,-0.084605692,20,11
67413455082bb7c33bfe468615189289,"022178 - Lindfield Street, Poplar",51.513757,-0.020467,34,10
c1a56df0f3dff761f7955232efc5b3c2,"003456 - Portugal Street, Holborn",51.51494305,-0.11614642,2,14
69ec102a3c57d63da8b14362270ff37c,"001052 - Soho Square , Soho",51.51563144,-0.132328837,21,36
d82e649d2c8945a4fe10818a3b3a6517,"010621 - Upper Grosvenor Street, Mayfair",51.51013066,-0.155757901,0,18
ce3a271d24b321f0c5f986f81d04e4b0,"003504 - Moor Street, Soho",51.51352755,-0.130110822,8,6
5195a6a803c866bd21d4923f71c3e603,"003451 - Golden Square, Soho",51.5118973,-0.137043852,12,5
ddd725293d95765460863e665a2656b2,"002660 - Frith Street, Soho",51.51310333,-0.13121385,3,15
314bdb3ef5ec9df9f21c179d59808dff,"003489 - Broadwick Street, Soho",51.5136846,-0.135580879,16,0
4d67a81d9d7aae8a8bef68b05d7fce74,"001163 - Wardour Street, Soho",51.51251523,-0.133201961,5,8
72b245bd6626f4f58721d7ddcac922e5,"300093 - Park Lane, Mayfair",51.50542628,-0.150817316,2,16
bafe2ed1fb333db963f305340c1ef993,"300247 - Cranmer Road, Stockwell",51.479601,-0.11147178,6,18
ff26abff5db37c1b3563bd0c430476b2,"003442 - Abingdon Villas, Kensington",51.4973875,-0.197245586,0,17
7c705926cc6ffb6202bc9e0bee60381f,"200096 - Green Park Station, Mayfair",51.506613,-0.142844,22,6
401befc18c421e5517b680377cc2dda4,"200068 - Somerset House, Strand",51.509943,-0.117619,12,28
ba1926d10a426d5b3048a0fcf4ce777a,"001151 - Whitehall Place, Strand",51.50654321,-0.123179697,22,21
b41baf49a00ce422208c33520ac42a70,"001153 - Pall Mall East, West End",51.50777049,-0.130699733,8,13
13fdc0f79bab3e188def7e1fe2489cd8,"001192 - Embankment (Savoy), Strand",51.50963123,-0.119047563,16,25
6a4a5799ca9a7b71a79601454d146d0b,"300214 - Blackfriars Road, Southwark",51.505461,-0.10454093,16,26
1bdad998deaa6975621b1c1bc6de6b1e,"003458 - Waterloo Place, St. James's",51.50663341,-0.131773845,8,11
e8319b89edd629fd4a9d479c06a915d8,"200031 - East Ferry Road, Cubitt Town",51.49447,-0.014409,11,5
64da02c131835a1f7b3aea8145080bea,"001011 - Argyle Street, Kings Cross",51.529416,-0.12394439999999918,27,17
3d1d3d7c761aba65a36b6b22d4975c92,"300242 - Allington Street, Victoria",51.496863,-0.1429434,8,19
5920e8f60ecc5076cd143c7b42a1f316,"300071 - Elgin Avenue, Maida Hill",51.524309,-0.20123459999999227,9,9
5850e1bdb07ee39b888a23acab0d027f,"003505 - Marloes Road, Kensington",51.496481,-0.192404,2,13
957b94f2958deb69e503d3c6ea37baa6,"001148 - Queen Mother Sports Centre, Victoria",51.49357351,-0.139956043,18,8
91962365b0cb445b06704d8ab1a4f4fe,"001170 - Horseferry Road, Westminster",51.49481649,-0.13045856,14,0
11ae894c98e442b611293fff9ff8e8c5,"001144 - Poured Lines, Bankside",51.50669284,-0.103137426,23,6
e2ef8ca72bdfc8661d4045ab1a27bfa7,"300006 - Clapham South, Clapham South",51.452997,-0.1486519000000044,18,9
ccbe01fc953e48e3490729699f9071bf,"200098 - Aintree Street, Fulham",51.48102131,-0.209973497,7,16
eb1ce4c4c8806e9b99d126f4fd4804c8,"200200 - Great Suffolk Street, The Borough",51.50173215,-0.100292412,9,12
6d6da2e60f3c4b02c87b598efe02fa20,"001016 - Hereford Road, Bayswater",51.513735,-0.193487,1,20
1f349127b8f58a8a3d1f7294d298dce0,"002589 - Pembridge Villas, Notting Hill",51.51108452,-0.197524944,11,5
fe141bf07b7c9ffa0307958b7e7eea92,"300057 - Westbourne Park Road, Portobello",51.51787005,-0.201005397,18,3
c96940e376246397b21367f2ded1dfd2,"200015 - Ladbroke Grove Central, Ladbroke Grove",51.511624,-0.205921,9,12
ccd031a36e054c2989189818d02195af,"002682 - Turquoise Island, Notting Hill",51.51431171,-0.200838199,1,20
3551a750788ff29b0acf85bcf5513a1c,"300026 - All Saints' Road, Portobello",51.5190427,-0.204764421,8,13
2648082b0340961e2ca04b2dc1eb3e9a,"300023 - All Saints Church, Portobello",51.51632095,-0.202608612,2,34
2ee4a83f8407ed8dbccfb872bc3421c1,"300090 - Blenheim Crescent, Ladbroke Grove",51.51510818,-0.208565479,1,21
e8d1dc1f1e8d2256332ed6e32f5921ab,"300244 - The Metropolitan, Portobello",51.520509,-0.20080483,5,13
3c6fe0ea578cbec01bb88d126dfa7d3a,"300236 - Bevington Road West, North Kensington",51.5212,-0.208888173,17,7
a5cc27e51ea4cef100f29e661c9b66a4,"001120 - Chepstow Villas, Notting Hill",51.51213691,-0.201554966,10,16
fe00fc450f442ff05c04094b92dfdb1b,"200065 - Lansdowne Walk, Ladbroke Grove",51.509591,-0.204666,8,10
9614fa4af225345c3c2fa6fb337274bd,"300091 - Hortensia Road, West Brompton",51.48176572,-0.185273723,9,19
e01094f7ad40343a0c7adac3e4bcad65,"003501 - Clifton Street, Shoreditch",51.523196,-0.083067,3,21
9cccc5be9f1211ba2231733085780601,"200045 - Garnet Street, Shadwell",51.508447,-0.055167,10,13
39e111e0b4b279c6808de06856bbd0a4,"300034 - St. Mark's Road, North Kensington",51.51687069,-0.213872396,14,6
2bac4746bdb4724e87dcdb4cdf9e13fb,"002662 - Butler Place, Westminster",51.49782999,-0.135440826,12,6
894a3f6a2b0c1f0ed33072625b253362,"022171 - Red Lion Street, Holborn",51.51824,-0.11655,6,30
0e0da3923f69b417e9c9a6eda7d1cb72,"002587 - Wormwood Street, Liverpool Street",51.51615461,-0.082422399,8,5
