park_name,lat,long
Regent's Canal,51.5350979030116,-0.119562149047852
Regent's Canal,51.5350979030116,-0.119562149047852
Corams Fields,51.5235598,-0.120122
Regent's Canal,51.5350979030116,-0.119562149047852
Corams Fields,51.5235598,-0.120122
St George's Gardens,51.5257612,-0.121603
Regent's Canal,51.5350979030116,-0.119562149047852
Corams Fields,51.5235598,-0.120122
St George's Gardens,51.5257612,-0.121603
Myddelton Square Park,51.5297,-0.108335
Regent's Canal,51.5350979030116,-0.119562149047852
Corams Fields,51.5235598,-0.120122
St George's Gardens,51.5257612,-0.121603
Myddelton Square Park,51.5297,-0.108335
Kings Square Gardens,51.5270695294121,-0.0983695232480907
Regent's Canal,51.5350979030116,-0.119562149047852
Corams Fields,51.5235598,-0.120122
St George's Gardens,51.5257612,-0.121603
Myddelton Square Park,51.5297,-0.108335
Kings Square Gardens,51.5270695294121,-0.0983695232480907
Joseph Grimaldi Park,51.5312881,-0.11535
Regent's Canal,51.5350979030116,-0.119562149047852
Corams Fields,51.5235598,-0.120122
St George's Gardens,51.5257612,-0.121603
Myddelton Square Park,51.5297,-0.108335
Kings Square Gardens,51.5270695294121,-0.0983695232480907
Joseph Grimaldi Park,51.5312881,-0.11535
Islington Green,51.5362324200429,-0.103071928024292
Regent's Canal,51.5350979030116,-0.119562149047852
Corams Fields,51.5235598,-0.120122
St George's Gardens,51.5257612,-0.121603
Myddelton Square Park,51.5297,-0.108335
Kings Square Gardens,51.5270695294121,-0.0983695232480907
Joseph Grimaldi Park,51.5312881,-0.11535
Islington Green,51.5362324200429,-0.103071928024292
Spa Fields,51.5255937865318,-0.108261972607207
Regent's Canal,51.5350979030116,-0.119562149047852
Corams Fields,51.5235598,-0.120122
St George's Gardens,51.5257612,-0.121603
Myddelton Square Park,51.5297,-0.108335
Kings Square Gardens,51.5270695294121,-0.0983695232480907
Joseph Grimaldi Park,51.5312881,-0.11535
Islington Green,51.5362324200429,-0.103071928024292
Spa Fields,51.5255937865318,-0.108261972607207
Northampton Square Garden,51.527282,-0.102286
Regent's Canal,51.5350979030116,-0.119562149047852
Corams Fields,51.5235598,-0.120122
St George's Gardens,51.5257612,-0.121603
Myddelton Square Park,51.5297,-0.108335
Kings Square Gardens,51.5270695294121,-0.0983695232480907
Joseph Grimaldi Park,51.5312881,-0.11535
Islington Green,51.5362324200429,-0.103071928024292
Spa Fields,51.5255937865318,-0.108261972607207
Northampton Square Garden,51.527282,-0.102286
Islington Visitor Moorings,51.533262,-0.101458
Regent's Canal,51.5350979030116,-0.119562149047852
Corams Fields,51.5235598,-0.120122
St George's Gardens,51.5257612,-0.121603
Myddelton Square Park,51.5297,-0.108335
Kings Square Gardens,51.5270695294121,-0.0983695232480907
Joseph Grimaldi Park,51.5312881,-0.11535
Islington Green,51.5362324200429,-0.103071928024292
Spa Fields,51.5255937865318,-0.108261972607207
Northampton Square Garden,51.527282,-0.102286
Islington Visitor Moorings,51.533262,-0.101458
Barnard Park,51.5372802833298,-0.112111725056681
Regent's Canal,51.5350979030116,-0.119562149047852
Corams Fields,51.5235598,-0.120122
St George's Gardens,51.5257612,-0.121603
Myddelton Square Park,51.5297,-0.108335
Kings Square Gardens,51.5270695294121,-0.0983695232480907
Joseph Grimaldi Park,51.5312881,-0.11535
Islington Green,51.5362324200429,-0.103071928024292
Spa Fields,51.5255937865318,-0.108261972607207
Northampton Square Garden,51.527282,-0.102286
Islington Visitor Moorings,51.533262,-0.101458
Barnard Park,51.5372802833298,-0.112111725056681
Duncan Terrace Gardens,51.5333627,-0.1033616
Regent's Canal,51.5350979030116,-0.119562149047852
Corams Fields,51.5235598,-0.120122
St George's Gardens,51.5257612,-0.121603
Myddelton Square Park,51.5297,-0.108335
Kings Square Gardens,51.5270695294121,-0.0983695232480907
Joseph Grimaldi Park,51.5312881,-0.11535
Islington Green,51.5362324200429,-0.103071928024292
Spa Fields,51.5255937865318,-0.108261972607207
Northampton Square Garden,51.527282,-0.102286
Islington Visitor Moorings,51.533262,-0.101458
Barnard Park,51.5372802833298,-0.112111725056681
Duncan Terrace Gardens,51.5333627,-0.1033616
Argyle Square,51.529146,-0.12177
Regent's Canal,51.5350979030116,-0.119562149047852
Corams Fields,51.5235598,-0.120122
St George's Gardens,51.5257612,-0.121603
Myddelton Square Park,51.5297,-0.108335
Kings Square Gardens,51.5270695294121,-0.0983695232480907
Joseph Grimaldi Park,51.5312881,-0.11535
Islington Green,51.5362324200429,-0.103071928024292
Spa Fields,51.5255937865318,-0.108261972607207
Northampton Square Garden,51.527282,-0.102286
Islington Visitor Moorings,51.533262,-0.101458
Barnard Park,51.5372802833298,-0.112111725056681
Duncan Terrace Gardens,51.5333627,-0.1033616
Argyle Square,51.529146,-0.12177
Gray's Inn Fields,51.5201730351078,-0.113940238952637
Regent's Canal,51.5350979030116,-0.119562149047852
Corams Fields,51.5235598,-0.120122
St George's Gardens,51.5257612,-0.121603
Myddelton Square Park,51.5297,-0.108335
Kings Square Gardens,51.5270695294121,-0.0983695232480907
Joseph Grimaldi Park,51.5312881,-0.11535
Islington Green,51.5362324200429,-0.103071928024292
Spa Fields,51.5255937865318,-0.108261972607207
Northampton Square Garden,51.527282,-0.102286
Islington Visitor Moorings,51.533262,-0.101458
Barnard Park,51.5372802833298,-0.112111725056681
Duncan Terrace Gardens,51.5333627,-0.1033616
Argyle Square,51.529146,-0.12177
Gray's Inn Fields,51.5201730351078,-0.113940238952637
Barnard Park Adventure Playground,51.535416,-0.110164
Regent's Canal,51.5350979030116,-0.119562149047852
Corams Fields,51.5235598,-0.120122
St George's Gardens,51.5257612,-0.121603
Myddelton Square Park,51.5297,-0.108335
Kings Square Gardens,51.5270695294121,-0.0983695232480907
Joseph Grimaldi Park,51.5312881,-0.11535
Islington Green,51.5362324200429,-0.103071928024292
Spa Fields,51.5255937865318,-0.108261972607207
Northampton Square Garden,51.527282,-0.102286
Islington Visitor Moorings,51.533262,-0.101458
Barnard Park,51.5372802833298,-0.112111725056681
Duncan Terrace Gardens,51.5333627,-0.1033616
Argyle Square,51.529146,-0.12177
Gray's Inn Fields,51.5201730351078,-0.113940238952637
Barnard Park Adventure Playground,51.535416,-0.110164
Charterhouse Square,51.521323,-0.098884
Regent's Canal,51.5350979030116,-0.119562149047852
Corams Fields,51.5235598,-0.120122
St George's Gardens,51.5257612,-0.121603
Myddelton Square Park,51.5297,-0.108335
Kings Square Gardens,51.5270695294121,-0.0983695232480907
Joseph Grimaldi Park,51.5312881,-0.11535
Islington Green,51.5362324200429,-0.103071928024292
Spa Fields,51.5255937865318,-0.108261972607207
Northampton Square Garden,51.527282,-0.102286
Islington Visitor Moorings,51.533262,-0.101458
Barnard Park,51.5372802833298,-0.112111725056681
Duncan Terrace Gardens,51.5333627,-0.1033616
Argyle Square,51.529146,-0.12177
Gray's Inn Fields,51.5201730351078,-0.113940238952637
Barnard Park Adventure Playground,51.535416,-0.110164
Charterhouse Square,51.521323,-0.098884
Holland Park,51.5014628,-0.2036111
Regent's Canal,51.5350979030116,-0.119562149047852
Corams Fields,51.5235598,-0.120122
St George's Gardens,51.5257612,-0.121603
Myddelton Square Park,51.5297,-0.108335
Kings Square Gardens,51.5270695294121,-0.0983695232480907
Joseph Grimaldi Park,51.5312881,-0.11535
Islington Green,51.5362324200429,-0.103071928024292
Spa Fields,51.5255937865318,-0.108261972607207
Northampton Square Garden,51.527282,-0.102286
Islington Visitor Moorings,51.533262,-0.101458
Barnard Park,51.5372802833298,-0.112111725056681
Duncan Terrace Gardens,51.5333627,-0.1033616
Argyle Square,51.529146,-0.12177
Gray's Inn Fields,51.5201730351078,-0.113940238952637
Barnard Park Adventure Playground,51.535416,-0.110164
Charterhouse Square,51.521323,-0.098884
Holland Park,51.5014628,-0.2036111
Kyoto Garden in Holland Park,51.503042999716,-0.204658918082714
Regent's Canal,51.5350979030116,-0.119562149047852
Corams Fields,51.5235598,-0.120122
St George's Gardens,51.5257612,-0.121603
Myddelton Square Park,51.5297,-0.108335
Kings Square Gardens,51.5270695294121,-0.0983695232480907
Joseph Grimaldi Park,51.5312881,-0.11535
Islington Green,51.5362324200429,-0.103071928024292
Spa Fields,51.5255937865318,-0.108261972607207
Northampton Square Garden,51.527282,-0.102286
Islington Visitor Moorings,51.533262,-0.101458
Barnard Park,51.5372802833298,-0.112111725056681
Duncan Terrace Gardens,51.5333627,-0.1033616
Argyle Square,51.529146,-0.12177
Gray's Inn Fields,51.5201730351078,-0.113940238952637
Barnard Park Adventure Playground,51.535416,-0.110164
Charterhouse Square,51.521323,-0.098884
Holland Park,51.5014628,-0.2036111
Kyoto Garden in Holland Park,51.503042999716,-0.204658918082714
Cluny Mews Gardens,51.492208,-0.20053
Regent's Canal,51.5350979030116,-0.119562149047852
Corams Fields,51.5235598,-0.120122
St George's Gardens,51.5257612,-0.121603
Myddelton Square Park,51.5297,-0.108335
Kings Square Gardens,51.5270695294121,-0.0983695232480907
Joseph Grimaldi Park,51.5312881,-0.11535
Islington Green,51.5362324200429,-0.103071928024292
Spa Fields,51.5255937865318,-0.108261972607207
Northampton Square Garden,51.527282,-0.102286
Islington Visitor Moorings,51.533262,-0.101458
Barnard Park,51.5372802833298,-0.112111725056681
Duncan Terrace Gardens,51.5333627,-0.1033616
Argyle Square,51.529146,-0.12177
Gray's Inn Fields,51.5201730351078,-0.113940238952637
Barnard Park Adventure Playground,51.535416,-0.110164
Charterhouse Square,51.521323,-0.098884
Holland Park,51.5014628,-0.2036111
Kyoto Garden in Holland Park,51.503042999716,-0.204658918082714
Cluny Mews Gardens,51.492208,-0.20053
Leathermarket Gardens,51.5008599259018,-0.0835175409886091
Regent's Canal,51.5350979030116,-0.119562149047852
Corams Fields,51.5235598,-0.120122
St George's Gardens,51.5257612,-0.121603
Myddelton Square Park,51.5297,-0.108335
Kings Square Gardens,51.5270695294121,-0.0983695232480907
Joseph Grimaldi Park,51.5312881,-0.11535
Islington Green,51.5362324200429,-0.103071928024292
Spa Fields,51.5255937865318,-0.108261972607207
Northampton Square Garden,51.527282,-0.102286
Islington Visitor Moorings,51.533262,-0.101458
Barnard Park,51.5372802833298,-0.112111725056681
Duncan Terrace Gardens,51.5333627,-0.1033616
Argyle Square,51.529146,-0.12177
Gray's Inn Fields,51.5201730351078,-0.113940238952637
Barnard Park Adventure Playground,51.535416,-0.110164
Charterhouse Square,51.521323,-0.098884
Holland Park,51.5014628,-0.2036111
Kyoto Garden in Holland Park,51.503042999716,-0.204658918082714
Cluny Mews Gardens,51.492208,-0.20053
Leathermarket Gardens,51.5008599259018,-0.0835175409886091
Tanner Street Park,51.5002770763786,-0.080901658230943
Regent's Canal,51.5350979030116,-0.119562149047852
Corams Fields,51.5235598,-0.120122
St George's Gardens,51.5257612,-0.121603
Myddelton Square Park,51.5297,-0.108335
Kings Square Gardens,51.5270695294121,-0.0983695232480907
Joseph Grimaldi Park,51.5312881,-0.11535
Islington Green,51.5362324200429,-0.103071928024292
Spa Fields,51.5255937865318,-0.108261972607207
Northampton Square Garden,51.527282,-0.102286
Islington Visitor Moorings,51.533262,-0.101458
Barnard Park,51.5372802833298,-0.112111725056681
Duncan Terrace Gardens,51.5333627,-0.1033616
Argyle Square,51.529146,-0.12177
Gray's Inn Fields,51.5201730351078,-0.113940238952637
Barnard Park Adventure Playground,51.535416,-0.110164
Charterhouse Square,51.521323,-0.098884
Holland Park,51.5014628,-0.2036111
Kyoto Garden in Holland Park,51.503042999716,-0.204658918082714
Cluny Mews Gardens,51.492208,-0.20053
Leathermarket Gardens,51.5008599259018,-0.0835175409886091
Tanner Street Park,51.5002770763786,-0.080901658230943
Corams Fields,51.5235598,-0.120122
Regent's Canal,51.5350979030116,-0.119562149047852
Corams Fields,51.5235598,-0.120122
St George's Gardens,51.5257612,-0.121603
Myddelton Square Park,51.5297,-0.108335
Kings Square Gardens,51.5270695294121,-0.0983695232480907
Joseph Grimaldi Park,51.5312881,-0.11535
Islington Green,51.5362324200429,-0.103071928024292
Spa Fields,51.5255937865318,-0.108261972607207
Northampton Square Garden,51.527282,-0.102286
Islington Visitor Moorings,51.533262,-0.101458
Barnard Park,51.5372802833298,-0.112111725056681
Duncan Terrace Gardens,51.5333627,-0.1033616
Argyle Square,51.529146,-0.12177
Gray's Inn Fields,51.5201730351078,-0.113940238952637
Barnard Park Adventure Playground,51.535416,-0.110164
Charterhouse Square,51.521323,-0.098884
Holland Park,51.5014628,-0.2036111
Kyoto Garden in Holland Park,51.503042999716,-0.204658918082714
Cluny Mews Gardens,51.492208,-0.20053
Leathermarket Gardens,51.5008599259018,-0.0835175409886091
Tanner Street Park,51.5002770763786,-0.080901658230943
Corams Fields,51.5235598,-0.120122
Russell Square,51.522269,-0.125552
Regent's Canal,51.5350979030116,-0.119562149047852
Corams Fields,51.5235598,-0.120122
St George's Gardens,51.5257612,-0.121603
Myddelton Square Park,51.5297,-0.108335
Kings Square Gardens,51.5270695294121,-0.0983695232480907
Joseph Grimaldi Park,51.5312881,-0.11535
Islington Green,51.5362324200429,-0.103071928024292
Spa Fields,51.5255937865318,-0.108261972607207
Northampton Square Garden,51.527282,-0.102286
Islington Visitor Moorings,51.533262,-0.101458
Barnard Park,51.5372802833298,-0.112111725056681
Duncan Terrace Gardens,51.5333627,-0.1033616
Argyle Square,51.529146,-0.12177
Gray's Inn Fields,51.5201730351078,-0.113940238952637
Barnard Park Adventure Playground,51.535416,-0.110164
Charterhouse Square,51.521323,-0.098884
Holland Park,51.5014628,-0.2036111
Kyoto Garden in Holland Park,51.503042999716,-0.204658918082714
Cluny Mews Gardens,51.492208,-0.20053
Leathermarket Gardens,51.5008599259018,-0.0835175409886091
Tanner Street Park,51.5002770763786,-0.080901658230943
Corams Fields,51.5235598,-0.120122
Russell Square,51.522269,-0.125552
St George's Gardens,51.5257612,-0.121603
Regent's Canal,51.5350979030116,-0.119562149047852
Corams Fields,51.5235598,-0.120122
St George's Gardens,51.5257612,-0.121603
Myddelton Square Park,51.5297,-0.108335
Kings Square Gardens,51.5270695294121,-0.0983695232480907
Joseph Grimaldi Park,51.5312881,-0.11535
Islington Green,51.5362324200429,-0.103071928024292
Spa Fields,51.5255937865318,-0.108261972607207
Northampton Square Garden,51.527282,-0.102286
Islington Visitor Moorings,51.533262,-0.101458
Barnard Park,51.5372802833298,-0.112111725056681
Duncan Terrace Gardens,51.5333627,-0.1033616
Argyle Square,51.529146,-0.12177
Gray's Inn Fields,51.5201730351078,-0.113940238952637
Barnard Park Adventure Playground,51.535416,-0.110164
Charterhouse Square,51.521323,-0.098884
Holland Park,51.5014628,-0.2036111
Kyoto Garden in Holland Park,51.503042999716,-0.204658918082714
Cluny Mews Gardens,51.492208,-0.20053
Leathermarket Gardens,51.5008599259018,-0.0835175409886091
Tanner Street Park,51.5002770763786,-0.080901658230943
Corams Fields,51.5235598,-0.120122
Russell Square,51.522269,-0.125552
St George's Gardens,51.5257612,-0.121603
Tavistock Square,51.5216850426032,-0.126002335967996
Regent's Canal,51.5350979030116,-0.119562149047852
Corams Fields,51.5235598,-0.120122
St George's Gardens,51.5257612,-0.121603
Myddelton Square Park,51.5297,-0.108335
Kings Square Gardens,51.5270695294121,-0.0983695232480907
Joseph Grimaldi Park,51.5312881,-0.11535
Islington Green,51.5362324200429,-0.103071928024292
Spa Fields,51.5255937865318,-0.108261972607207
Northampton Square Garden,51.527282,-0.102286
Islington Visitor Moorings,51.533262,-0.101458
Barnard Park,51.5372802833298,-0.112111725056681
Duncan Terrace Gardens,51.5333627,-0.1033616
Argyle Square,51.529146,-0.12177
Gray's Inn Fields,51.5201730351078,-0.113940238952637
Barnard Park Adventure Playground,51.535416,-0.110164
Charterhouse Square,51.521323,-0.098884
Holland Park,51.5014628,-0.2036111
Kyoto Garden in Holland Park,51.503042999716,-0.204658918082714
Cluny Mews Gardens,51.492208,-0.20053
Leathermarket Gardens,51.5008599259018,-0.0835175409886091
Tanner Street Park,51.5002770763786,-0.080901658230943
Corams Fields,51.5235598,-0.120122
Russell Square,51.522269,-0.125552
St George's Gardens,51.5257612,-0.121603
Tavistock Square,51.5216850426032,-0.126002335967996
Lincoln's Inn,51.516096,-0.116655
Regent's Canal,51.5350979030116,-0.119562149047852
Corams Fields,51.5235598,-0.120122
St George's Gardens,51.5257612,-0.121603
Myddelton Square Park,51.5297,-0.108335
Kings Square Gardens,51.5270695294121,-0.0983695232480907
Joseph Grimaldi Park,51.5312881,-0.11535
Islington Green,51.5362324200429,-0.103071928024292
Spa Fields,51.5255937865318,-0.108261972607207
Northampton Square Garden,51.527282,-0.102286
Islington Visitor Moorings,51.533262,-0.101458
Barnard Park,51.5372802833298,-0.112111725056681
Duncan Terrace Gardens,51.5333627,-0.1033616
Argyle Square,51.529146,-0.12177
Gray's Inn Fields,51.5201730351078,-0.113940238952637
Barnard Park Adventure Playground,51.535416,-0.110164
Charterhouse Square,51.521323,-0.098884
Holland Park,51.5014628,-0.2036111
Kyoto Garden in Holland Park,51.503042999716,-0.204658918082714
Cluny Mews Gardens,51.492208,-0.20053
Leathermarket Gardens,51.5008599259018,-0.0835175409886091
Tanner Street Park,51.5002770763786,-0.080901658230943
Corams Fields,51.5235598,-0.120122
Russell Square,51.522269,-0.125552
St George's Gardens,51.5257612,-0.121603
Tavistock Square,51.5216850426032,-0.126002335967996
Lincoln's Inn,51.516096,-0.116655
Soho Square,51.5152861605951,-0.132200699860137
Regent's Canal,51.5350979030116,-0.119562149047852
Corams Fields,51.5235598,-0.120122
St George's Gardens,51.5257612,-0.121603
Myddelton Square Park,51.5297,-0.108335
Kings Square Gardens,51.5270695294121,-0.0983695232480907
Joseph Grimaldi Park,51.5312881,-0.11535
Islington Green,51.5362324200429,-0.103071928024292
Spa Fields,51.5255937865318,-0.108261972607207
Northampton Square Garden,51.527282,-0.102286
Islington Visitor Moorings,51.533262,-0.101458
Barnard Park,51.5372802833298,-0.112111725056681
Duncan Terrace Gardens,51.5333627,-0.1033616
Argyle Square,51.529146,-0.12177
Gray's Inn Fields,51.5201730351078,-0.113940238952637
Barnard Park Adventure Playground,51.535416,-0.110164
Charterhouse Square,51.521323,-0.098884
Holland Park,51.5014628,-0.2036111
Kyoto Garden in Holland Park,51.503042999716,-0.204658918082714
Cluny Mews Gardens,51.492208,-0.20053
Leathermarket Gardens,51.5008599259018,-0.0835175409886091
Tanner Street Park,51.5002770763786,-0.080901658230943
Corams Fields,51.5235598,-0.120122
Russell Square,51.522269,-0.125552
St George's Gardens,51.5257612,-0.121603
Tavistock Square,51.5216850426032,-0.126002335967996
Lincoln's Inn,51.516096,-0.116655
Soho Square,51.5152861605951,-0.132200699860137
Bloomsbury Square Gardens,51.5189725003205,-0.130110569750597
Regent's Canal,51.5350979030116,-0.119562149047852
Corams Fields,51.5235598,-0.120122
St George's Gardens,51.5257612,-0.121603
Myddelton Square Park,51.5297,-0.108335
Kings Square Gardens,51.5270695294121,-0.0983695232480907
Joseph Grimaldi Park,51.5312881,-0.11535
Islington Green,51.5362324200429,-0.103071928024292
Spa Fields,51.5255937865318,-0.108261972607207
Northampton Square Garden,51.527282,-0.102286
Islington Visitor Moorings,51.533262,-0.101458
Barnard Park,51.5372802833298,-0.112111725056681
Duncan Terrace Gardens,51.5333627,-0.1033616
Argyle Square,51.529146,-0.12177
Gray's Inn Fields,51.5201730351078,-0.113940238952637
Barnard Park Adventure Playground,51.535416,-0.110164
Charterhouse Square,51.521323,-0.098884
Holland Park,51.5014628,-0.2036111
Kyoto Garden in Holland Park,51.503042999716,-0.204658918082714
Cluny Mews Gardens,51.492208,-0.20053
Leathermarket Gardens,51.5008599259018,-0.0835175409886091
Tanner Street Park,51.5002770763786,-0.080901658230943
Corams Fields,51.5235598,-0.120122
Russell Square,51.522269,-0.125552
St George's Gardens,51.5257612,-0.121603
Tavistock Square,51.5216850426032,-0.126002335967996
Lincoln's Inn,51.516096,-0.116655
Soho Square,51.5152861605951,-0.132200699860137
Bloomsbury Square Gardens,51.5189725003205,-0.130110569750597
Russell Park,51.522643,-0.12505
Regent's Canal,51.5350979030116,-0.119562149047852
Corams Fields,51.5235598,-0.120122
St George's Gardens,51.5257612,-0.121603
Myddelton Square Park,51.5297,-0.108335
Kings Square Gardens,51.5270695294121,-0.0983695232480907
Joseph Grimaldi Park,51.5312881,-0.11535
Islington Green,51.5362324200429,-0.103071928024292
Spa Fields,51.5255937865318,-0.108261972607207
Northampton Square Garden,51.527282,-0.102286
Islington Visitor Moorings,51.533262,-0.101458
Barnard Park,51.5372802833298,-0.112111725056681
Duncan Terrace Gardens,51.5333627,-0.1033616
Argyle Square,51.529146,-0.12177
Gray's Inn Fields,51.5201730351078,-0.113940238952637
Barnard Park Adventure Playground,51.535416,-0.110164
Charterhouse Square,51.521323,-0.098884
Holland Park,51.5014628,-0.2036111
Kyoto Garden in Holland Park,51.503042999716,-0.204658918082714
Cluny Mews Gardens,51.492208,-0.20053
Leathermarket Gardens,51.5008599259018,-0.0835175409886091
Tanner Street Park,51.5002770763786,-0.080901658230943
Corams Fields,51.5235598,-0.120122
Russell Square,51.522269,-0.125552
St George's Gardens,51.5257612,-0.121603
Tavistock Square,51.5216850426032,-0.126002335967996
Lincoln's Inn,51.516096,-0.116655
Soho Square,51.5152861605951,-0.132200699860137
Bloomsbury Square Gardens,51.5189725003205,-0.130110569750597
Russell Park,51.522643,-0.12505
Ridgmount Gardens,51.521043,-0.1322871
Regent's Canal,51.5350979030116,-0.119562149047852
Corams Fields,51.5235598,-0.120122
St George's Gardens,51.5257612,-0.121603
Myddelton Square Park,51.5297,-0.108335
Kings Square Gardens,51.5270695294121,-0.0983695232480907
Joseph Grimaldi Park,51.5312881,-0.11535
Islington Green,51.5362324200429,-0.103071928024292
Spa Fields,51.5255937865318,-0.108261972607207
Northampton Square Garden,51.527282,-0.102286
Islington Visitor Moorings,51.533262,-0.101458
Barnard Park,51.5372802833298,-0.112111725056681
Duncan Terrace Gardens,51.5333627,-0.1033616
Argyle Square,51.529146,-0.12177
Gray's Inn Fields,51.5201730351078,-0.113940238952637
Barnard Park Adventure Playground,51.535416,-0.110164
Charterhouse Square,51.521323,-0.098884
Holland Park,51.5014628,-0.2036111
Kyoto Garden in Holland Park,51.503042999716,-0.204658918082714
Cluny Mews Gardens,51.492208,-0.20053
Leathermarket Gardens,51.5008599259018,-0.0835175409886091
Tanner Street Park,51.5002770763786,-0.080901658230943
Corams Fields,51.5235598,-0.120122
Russell Square,51.522269,-0.125552
St George's Gardens,51.5257612,-0.121603
Tavistock Square,51.5216850426032,-0.126002335967996
Lincoln's Inn,51.516096,-0.116655
Soho Square,51.5152861605951,-0.132200699860137
Bloomsbury Square Gardens,51.5189725003205,-0.130110569750597
Russell Park,51.522643,-0.12505
Ridgmount Gardens,51.521043,-0.1322871
Gordon Square,51.524819,-0.130488
Regent's Canal,51.5350979030116,-0.119562149047852
Corams Fields,51.5235598,-0.120122
St George's Gardens,51.5257612,-0.121603
Myddelton Square Park,51.5297,-0.108335
Kings Square Gardens,51.5270695294121,-0.0983695232480907
Joseph Grimaldi Park,51.5312881,-0.11535
Islington Green,51.5362324200429,-0.103071928024292
Spa Fields,51.5255937865318,-0.108261972607207
Northampton Square Garden,51.527282,-0.102286
Islington Visitor Moorings,51.533262,-0.101458
Barnard Park,51.5372802833298,-0.112111725056681
Duncan Terrace Gardens,51.5333627,-0.1033616
Argyle Square,51.529146,-0.12177
Gray's Inn Fields,51.5201730351078,-0.113940238952637
Barnard Park Adventure Playground,51.535416,-0.110164
Charterhouse Square,51.521323,-0.098884
Holland Park,51.5014628,-0.2036111
Kyoto Garden in Holland Park,51.503042999716,-0.204658918082714
Cluny Mews Gardens,51.492208,-0.20053
Leathermarket Gardens,51.5008599259018,-0.0835175409886091
Tanner Street Park,51.5002770763786,-0.080901658230943
Corams Fields,51.5235598,-0.120122
Russell Square,51.522269,-0.125552
St George's Gardens,51.5257612,-0.121603
Tavistock Square,51.5216850426032,-0.126002335967996
Lincoln's Inn,51.516096,-0.116655
Soho Square,51.5152861605951,-0.132200699860137
Bloomsbury Square Gardens,51.5189725003205,-0.130110569750597
Russell Park,51.522643,-0.12505
Ridgmount Gardens,51.521043,-0.1322871
Gordon Square,51.524819,-0.130488
Malet Street Gardens,51.5203641899698,-0.129247622561381
Regent's Canal,51.5350979030116,-0.119562149047852
Corams Fields,51.5235598,-0.120122
St George's Gardens,51.5257612,-0.121603
Myddelton Square Park,51.5297,-0.108335
Kings Square Gardens,51.5270695294121,-0.0983695232480907
Joseph Grimaldi Park,51.5312881,-0.11535
Islington Green,51.5362324200429,-0.103071928024292
Spa Fields,51.5255937865318,-0.108261972607207
Northampton Square Garden,51.527282,-0.102286
Islington Visitor Moorings,51.533262,-0.101458
Barnard Park,51.5372802833298,-0.112111725056681
Duncan Terrace Gardens,51.5333627,-0.1033616
Argyle Square,51.529146,-0.12177
Gray's Inn Fields,51.5201730351078,-0.113940238952637
Barnard Park Adventure Playground,51.535416,-0.110164
Charterhouse Square,51.521323,-0.098884
Holland Park,51.5014628,-0.2036111
Kyoto Garden in Holland Park,51.503042999716,-0.204658918082714
Cluny Mews Gardens,51.492208,-0.20053
Leathermarket Gardens,51.5008599259018,-0.0835175409886091
Tanner Street Park,51.5002770763786,-0.080901658230943
Corams Fields,51.5235598,-0.120122
Russell Square,51.522269,-0.125552
St George's Gardens,51.5257612,-0.121603
Tavistock Square,51.5216850426032,-0.126002335967996
Lincoln's Inn,51.516096,-0.116655
Soho Square,51.5152861605951,-0.132200699860137
Bloomsbury Square Gardens,51.5189725003205,-0.130110569750597
Russell Park,51.522643,-0.12505
Ridgmount Gardens,51.521043,-0.1322871
Gordon Square,51.524819,-0.130488
Malet Street Gardens,51.5203641899698,-0.129247622561381
Crabtree Fields,51.5193697663059,-0.134398427108369
Regent's Canal,51.5350979030116,-0.119562149047852
Corams Fields,51.5235598,-0.120122
St George's Gardens,51.5257612,-0.121603
Myddelton Square Park,51.5297,-0.108335
Kings Square Gardens,51.5270695294121,-0.0983695232480907
Joseph Grimaldi Park,51.5312881,-0.11535
Islington Green,51.5362324200429,-0.103071928024292
Spa Fields,51.5255937865318,-0.108261972607207
Northampton Square Garden,51.527282,-0.102286
Islington Visitor Moorings,51.533262,-0.101458
Barnard Park,51.5372802833298,-0.112111725056681
Duncan Terrace Gardens,51.5333627,-0.1033616
Argyle Square,51.529146,-0.12177
Gray's Inn Fields,51.5201730351078,-0.113940238952637
Barnard Park Adventure Playground,51.535416,-0.110164
Charterhouse Square,51.521323,-0.098884
Holland Park,51.5014628,-0.2036111
Kyoto Garden in Holland Park,51.503042999716,-0.204658918082714
Cluny Mews Gardens,51.492208,-0.20053
Leathermarket Gardens,51.5008599259018,-0.0835175409886091
Tanner Street Park,51.5002770763786,-0.080901658230943
Corams Fields,51.5235598,-0.120122
Russell Square,51.522269,-0.125552
St George's Gardens,51.5257612,-0.121603
Tavistock Square,51.5216850426032,-0.126002335967996
Lincoln's Inn,51.516096,-0.116655
Soho Square,51.5152861605951,-0.132200699860137
Bloomsbury Square Gardens,51.5189725003205,-0.130110569750597
Russell Park,51.522643,-0.12505
Ridgmount Gardens,51.521043,-0.1322871
Gordon Square,51.524819,-0.130488
Malet Street Gardens,51.5203641899698,-0.129247622561381
Crabtree Fields,51.5193697663059,-0.134398427108369
Spa Fields,51.5255937865318,-0.108261972607207
Regent's Canal,51.5350979030116,-0.119562149047852
Corams Fields,51.5235598,-0.120122
St George's Gardens,51.5257612,-0.121603
Myddelton Square Park,51.5297,-0.108335
Kings Square Gardens,51.5270695294121,-0.0983695232480907
Joseph Grimaldi Park,51.5312881,-0.11535
Islington Green,51.5362324200429,-0.103071928024292
Spa Fields,51.5255937865318,-0.108261972607207
Northampton Square Garden,51.527282,-0.102286
Islington Visitor Moorings,51.533262,-0.101458
Barnard Park,51.5372802833298,-0.112111725056681
Duncan Terrace Gardens,51.5333627,-0.1033616
Argyle Square,51.529146,-0.12177
Gray's Inn Fields,51.5201730351078,-0.113940238952637
Barnard Park Adventure Playground,51.535416,-0.110164
Charterhouse Square,51.521323,-0.098884
Holland Park,51.5014628,-0.2036111
Kyoto Garden in Holland Park,51.503042999716,-0.204658918082714
Cluny Mews Gardens,51.492208,-0.20053
Leathermarket Gardens,51.5008599259018,-0.0835175409886091
Tanner Street Park,51.5002770763786,-0.080901658230943
Corams Fields,51.5235598,-0.120122
Russell Square,51.522269,-0.125552
St George's Gardens,51.5257612,-0.121603
Tavistock Square,51.5216850426032,-0.126002335967996
Lincoln's Inn,51.516096,-0.116655
Soho Square,51.5152861605951,-0.132200699860137
Bloomsbury Square Gardens,51.5189725003205,-0.130110569750597
Russell Park,51.522643,-0.12505
Ridgmount Gardens,51.521043,-0.1322871
Gordon Square,51.524819,-0.130488
Malet Street Gardens,51.5203641899698,-0.129247622561381
Crabtree Fields,51.5193697663059,-0.134398427108369
Spa Fields,51.5255937865318,-0.108261972607207
Hayes End Community Park,51.522825,-0.43757
Regent's Canal,51.5350979030116,-0.119562149047852
Corams Fields,51.5235598,-0.120122
St George's Gardens,51.5257612,-0.121603
Myddelton Square Park,51.5297,-0.108335
Kings Square Gardens,51.5270695294121,-0.0983695232480907
Joseph Grimaldi Park,51.5312881,-0.11535
Islington Green,51.5362324200429,-0.103071928024292
Spa Fields,51.5255937865318,-0.108261972607207
Northampton Square Garden,51.527282,-0.102286
Islington Visitor Moorings,51.533262,-0.101458
Barnard Park,51.5372802833298,-0.112111725056681
Duncan Terrace Gardens,51.5333627,-0.1033616
Argyle Square,51.529146,-0.12177
Gray's Inn Fields,51.5201730351078,-0.113940238952637
Barnard Park Adventure Playground,51.535416,-0.110164
Charterhouse Square,51.521323,-0.098884
Holland Park,51.5014628,-0.2036111
Kyoto Garden in Holland Park,51.503042999716,-0.204658918082714
Cluny Mews Gardens,51.492208,-0.20053
Leathermarket Gardens,51.5008599259018,-0.0835175409886091
Tanner Street Park,51.5002770763786,-0.080901658230943
Corams Fields,51.5235598,-0.120122
Russell Square,51.522269,-0.125552
St George's Gardens,51.5257612,-0.121603
Tavistock Square,51.5216850426032,-0.126002335967996
Lincoln's Inn,51.516096,-0.116655
Soho Square,51.5152861605951,-0.132200699860137
Bloomsbury Square Gardens,51.5189725003205,-0.130110569750597
Russell Park,51.522643,-0.12505
Ridgmount Gardens,51.521043,-0.1322871
Gordon Square,51.524819,-0.130488
Malet Street Gardens,51.5203641899698,-0.129247622561381
Crabtree Fields,51.5193697663059,-0.134398427108369
Spa Fields,51.5255937865318,-0.108261972607207
Hayes End Community Park,51.522825,-0.43757
Joseph Grimaldi Park,51.5312881,-0.11535
Regent's Canal,51.5350979030116,-0.119562149047852
Corams Fields,51.5235598,-0.120122
St George's Gardens,51.5257612,-0.121603
Myddelton Square Park,51.5297,-0.108335
Kings Square Gardens,51.5270695294121,-0.0983695232480907
Joseph Grimaldi Park,51.5312881,-0.11535
Islington Green,51.5362324200429,-0.103071928024292
Spa Fields,51.5255937865318,-0.108261972607207
Northampton Square Garden,51.527282,-0.102286
Islington Visitor Moorings,51.533262,-0.101458
Barnard Park,51.5372802833298,-0.112111725056681
Duncan Terrace Gardens,51.5333627,-0.1033616
Argyle Square,51.529146,-0.12177
Gray's Inn Fields,51.5201730351078,-0.113940238952637
Barnard Park Adventure Playground,51.535416,-0.110164
Charterhouse Square,51.521323,-0.098884
Holland Park,51.5014628,-0.2036111
Kyoto Garden in Holland Park,51.503042999716,-0.204658918082714
Cluny Mews Gardens,51.492208,-0.20053
Leathermarket Gardens,51.5008599259018,-0.0835175409886091
Tanner Street Park,51.5002770763786,-0.080901658230943
Corams Fields,51.5235598,-0.120122
Russell Square,51.522269,-0.125552
St George's Gardens,51.5257612,-0.121603
Tavistock Square,51.5216850426032,-0.126002335967996
Lincoln's Inn,51.516096,-0.116655
Soho Square,51.5152861605951,-0.132200699860137
Bloomsbury Square Gardens,51.5189725003205,-0.130110569750597
Russell Park,51.522643,-0.12505
Ridgmount Gardens,51.521043,-0.1322871
Gordon Square,51.524819,-0.130488
Malet Street Gardens,51.5203641899698,-0.129247622561381
Crabtree Fields,51.5193697663059,-0.134398427108369
Spa Fields,51.5255937865318,-0.108261972607207
Hayes End Community Park,51.522825,-0.43757
Joseph Grimaldi Park,51.5312881,-0.11535
Saint James' Gardens,51.5284604380446,-0.136799668034404
Regent's Canal,51.5350979030116,-0.119562149047852
Corams Fields,51.5235598,-0.120122
St George's Gardens,51.5257612,-0.121603
Myddelton Square Park,51.5297,-0.108335
Kings Square Gardens,51.5270695294121,-0.0983695232480907
Joseph Grimaldi Park,51.5312881,-0.11535
Islington Green,51.5362324200429,-0.103071928024292
Spa Fields,51.5255937865318,-0.108261972607207
Northampton Square Garden,51.527282,-0.102286
Islington Visitor Moorings,51.533262,-0.101458
Barnard Park,51.5372802833298,-0.112111725056681
Duncan Terrace Gardens,51.5333627,-0.1033616
Argyle Square,51.529146,-0.12177
Gray's Inn Fields,51.5201730351078,-0.113940238952637
Barnard Park Adventure Playground,51.535416,-0.110164
Charterhouse Square,51.521323,-0.098884
Holland Park,51.5014628,-0.2036111
Kyoto Garden in Holland Park,51.503042999716,-0.204658918082714
Cluny Mews Gardens,51.492208,-0.20053
Leathermarket Gardens,51.5008599259018,-0.0835175409886091
Tanner Street Park,51.5002770763786,-0.080901658230943
Corams Fields,51.5235598,-0.120122
Russell Square,51.522269,-0.125552
St George's Gardens,51.5257612,-0.121603
Tavistock Square,51.5216850426032,-0.126002335967996
Lincoln's Inn,51.516096,-0.116655
Soho Square,51.5152861605951,-0.132200699860137
Bloomsbury Square Gardens,51.5189725003205,-0.130110569750597
Russell Park,51.522643,-0.12505
Ridgmount Gardens,51.521043,-0.1322871
Gordon Square,51.524819,-0.130488
Malet Street Gardens,51.5203641899698,-0.129247622561381
Crabtree Fields,51.5193697663059,-0.134398427108369
Spa Fields,51.5255937865318,-0.108261972607207
Hayes End Community Park,51.522825,-0.43757
Joseph Grimaldi Park,51.5312881,-0.11535
Saint James' Gardens,51.5284604380446,-0.136799668034404
Argyle Square,51.529146,-0.12177
Regent's Canal,51.5350979030116,-0.119562149047852
Corams Fields,51.5235598,-0.120122
St George's Gardens,51.5257612,-0.121603
Myddelton Square Park,51.5297,-0.108335
Kings Square Gardens,51.5270695294121,-0.0983695232480907
Joseph Grimaldi Park,51.5312881,-0.11535
Islington Green,51.5362324200429,-0.103071928024292
Spa Fields,51.5255937865318,-0.108261972607207
Northampton Square Garden,51.527282,-0.102286
Islington Visitor Moorings,51.533262,-0.101458
Barnard Park,51.5372802833298,-0.112111725056681
Duncan Terrace Gardens,51.5333627,-0.1033616
Argyle Square,51.529146,-0.12177
Gray's Inn Fields,51.5201730351078,-0.113940238952637
Barnard Park Adventure Playground,51.535416,-0.110164
Charterhouse Square,51.521323,-0.098884
Holland Park,51.5014628,-0.2036111
Kyoto Garden in Holland Park,51.503042999716,-0.204658918082714
Cluny Mews Gardens,51.492208,-0.20053
Leathermarket Gardens,51.5008599259018,-0.0835175409886091
Tanner Street Park,51.5002770763786,-0.080901658230943
Corams Fields,51.5235598,-0.120122
Russell Square,51.522269,-0.125552
St George's Gardens,51.5257612,-0.121603
Tavistock Square,51.5216850426032,-0.126002335967996
Lincoln's Inn,51.516096,-0.116655
Soho Square,51.5152861605951,-0.132200699860137
Bloomsbury Square Gardens,51.5189725003205,-0.130110569750597
Russell Park,51.522643,-0.12505
Ridgmount Gardens,51.521043,-0.1322871
Gordon Square,51.524819,-0.130488
Malet Street Gardens,51.5203641899698,-0.129247622561381
Crabtree Fields,51.5193697663059,-0.134398427108369
Spa Fields,51.5255937865318,-0.108261972607207
Hayes End Community Park,51.522825,-0.43757
Joseph Grimaldi Park,51.5312881,-0.11535
Saint James' Gardens,51.5284604380446,-0.136799668034404
Argyle Square,51.529146,-0.12177
Gray's Inn Fields,51.5201730351078,-0.113940238952637
Regent's Canal,51.5350979030116,-0.119562149047852
Corams Fields,51.5235598,-0.120122
St George's Gardens,51.5257612,-0.121603
Myddelton Square Park,51.5297,-0.108335
Kings Square Gardens,51.5270695294121,-0.0983695232480907
Joseph Grimaldi Park,51.5312881,-0.11535
Islington Green,51.5362324200429,-0.103071928024292
Spa Fields,51.5255937865318,-0.108261972607207
Northampton Square Garden,51.527282,-0.102286
Islington Visitor Moorings,51.533262,-0.101458
Barnard Park,51.5372802833298,-0.112111725056681
Duncan Terrace Gardens,51.5333627,-0.1033616
Argyle Square,51.529146,-0.12177
Gray's Inn Fields,51.5201730351078,-0.113940238952637
Barnard Park Adventure Playground,51.535416,-0.110164
Charterhouse Square,51.521323,-0.098884
Holland Park,51.5014628,-0.2036111
Kyoto Garden in Holland Park,51.503042999716,-0.204658918082714
Cluny Mews Gardens,51.492208,-0.20053
Leathermarket Gardens,51.5008599259018,-0.0835175409886091
Tanner Street Park,51.5002770763786,-0.080901658230943
Corams Fields,51.5235598,-0.120122
Russell Square,51.522269,-0.125552
St George's Gardens,51.5257612,-0.121603
Tavistock Square,51.5216850426032,-0.126002335967996
Lincoln's Inn,51.516096,-0.116655
Soho Square,51.5152861605951,-0.132200699860137
Bloomsbury Square Gardens,51.5189725003205,-0.130110569750597
Russell Park,51.522643,-0.12505
Ridgmount Gardens,51.521043,-0.1322871
Gordon Square,51.524819,-0.130488
Malet Street Gardens,51.5203641899698,-0.129247622561381
Crabtree Fields,51.5193697663059,-0.134398427108369
Spa Fields,51.5255937865318,-0.108261972607207
Hayes End Community Park,51.522825,-0.43757
Joseph Grimaldi Park,51.5312881,-0.11535
Saint James' Gardens,51.5284604380446,-0.136799668034404
Argyle Square,51.529146,-0.12177
Gray's Inn Fields,51.5201730351078,-0.113940238952637
Red Lion Square Gardens,51.5191303309173,-0.118986815214157
Regent's Canal,51.5350979030116,-0.119562149047852
Corams Fields,51.5235598,-0.120122
St George's Gardens,51.5257612,-0.121603
Myddelton Square Park,51.5297,-0.108335
Kings Square Gardens,51.5270695294121,-0.0983695232480907
Joseph Grimaldi Park,51.5312881,-0.11535
Islington Green,51.5362324200429,-0.103071928024292
Spa Fields,51.5255937865318,-0.108261972607207
Northampton Square Garden,51.527282,-0.102286
Islington Visitor Moorings,51.533262,-0.101458
Barnard Park,51.5372802833298,-0.112111725056681
Duncan Terrace Gardens,51.5333627,-0.1033616
Argyle Square,51.529146,-0.12177
Gray's Inn Fields,51.5201730351078,-0.113940238952637
Barnard Park Adventure Playground,51.535416,-0.110164
Charterhouse Square,51.521323,-0.098884
Holland Park,51.5014628,-0.2036111
Kyoto Garden in Holland Park,51.503042999716,-0.204658918082714
Cluny Mews Gardens,51.492208,-0.20053
Leathermarket Gardens,51.5008599259018,-0.0835175409886091
Tanner Street Park,51.5002770763786,-0.080901658230943
Corams Fields,51.5235598,-0.120122
Russell Square,51.522269,-0.125552
St George's Gardens,51.5257612,-0.121603
Tavistock Square,51.5216850426032,-0.126002335967996
Lincoln's Inn,51.516096,-0.116655
Soho Square,51.5152861605951,-0.132200699860137
Bloomsbury Square Gardens,51.5189725003205,-0.130110569750597
Russell Park,51.522643,-0.12505
Ridgmount Gardens,51.521043,-0.1322871
Gordon Square,51.524819,-0.130488
Malet Street Gardens,51.5203641899698,-0.129247622561381
Crabtree Fields,51.5193697663059,-0.134398427108369
Spa Fields,51.5255937865318,-0.108261972607207
Hayes End Community Park,51.522825,-0.43757
Joseph Grimaldi Park,51.5312881,-0.11535
Saint James' Gardens,51.5284604380446,-0.136799668034404
Argyle Square,51.529146,-0.12177
Gray's Inn Fields,51.5201730351078,-0.113940238952637
Red Lion Square Gardens,51.5191303309173,-0.118986815214157
Red Lion Square,51.51943,-0.11812
Regent's Canal,51.5350979030116,-0.119562149047852
Corams Fields,51.5235598,-0.120122
St George's Gardens,51.5257612,-0.121603
Myddelton Square Park,51.5297,-0.108335
Kings Square Gardens,51.5270695294121,-0.0983695232480907
Joseph Grimaldi Park,51.5312881,-0.11535
Islington Green,51.5362324200429,-0.103071928024292
Spa Fields,51.5255937865318,-0.108261972607207
Northampton Square Garden,51.527282,-0.102286
Islington Visitor Moorings,51.533262,-0.101458
Barnard Park,51.5372802833298,-0.112111725056681
Duncan Terrace Gardens,51.5333627,-0.1033616
Argyle Square,51.529146,-0.12177
Gray's Inn Fields,51.5201730351078,-0.113940238952637
Barnard Park Adventure Playground,51.535416,-0.110164
Charterhouse Square,51.521323,-0.098884
Holland Park,51.5014628,-0.2036111
Kyoto Garden in Holland Park,51.503042999716,-0.204658918082714
Cluny Mews Gardens,51.492208,-0.20053
Leathermarket Gardens,51.5008599259018,-0.0835175409886091
Tanner Street Park,51.5002770763786,-0.080901658230943
Corams Fields,51.5235598,-0.120122
Russell Square,51.522269,-0.125552
St George's Gardens,51.5257612,-0.121603
Tavistock Square,51.5216850426032,-0.126002335967996
Lincoln's Inn,51.516096,-0.116655
Soho Square,51.5152861605951,-0.132200699860137
Bloomsbury Square Gardens,51.5189725003205,-0.130110569750597
Russell Park,51.522643,-0.12505
Ridgmount Gardens,51.521043,-0.1322871
Gordon Square,51.524819,-0.130488
Malet Street Gardens,51.5203641899698,-0.129247622561381
Crabtree Fields,51.5193697663059,-0.134398427108369
Spa Fields,51.5255937865318,-0.108261972607207
Hayes End Community Park,51.522825,-0.43757
Joseph Grimaldi Park,51.5312881,-0.11535
Saint James' Gardens,51.5284604380446,-0.136799668034404
Argyle Square,51.529146,-0.12177
Gray's Inn Fields,51.5201730351078,-0.113940238952637
Red Lion Square Gardens,51.5191303309173,-0.118986815214157
Red Lion Square,51.51943,-0.11812
Russell Square,51.522269,-0.125552
Regent's Canal,51.5350979030116,-0.119562149047852
Corams Fields,51.5235598,-0.120122
St George's Gardens,51.5257612,-0.121603
Myddelton Square Park,51.5297,-0.108335
Kings Square Gardens,51.5270695294121,-0.0983695232480907
Joseph Grimaldi Park,51.5312881,-0.11535
Islington Green,51.5362324200429,-0.103071928024292
Spa Fields,51.5255937865318,-0.108261972607207
Northampton Square Garden,51.527282,-0.102286
Islington Visitor Moorings,51.533262,-0.101458
Barnard Park,51.5372802833298,-0.112111725056681
Duncan Terrace Gardens,51.5333627,-0.1033616
Argyle Square,51.529146,-0.12177
Gray's Inn Fields,51.5201730351078,-0.113940238952637
Barnard Park Adventure Playground,51.535416,-0.110164
Charterhouse Square,51.521323,-0.098884
Holland Park,51.5014628,-0.2036111
Kyoto Garden in Holland Park,51.503042999716,-0.204658918082714
Cluny Mews Gardens,51.492208,-0.20053
Leathermarket Gardens,51.5008599259018,-0.0835175409886091
Tanner Street Park,51.5002770763786,-0.080901658230943
Corams Fields,51.5235598,-0.120122
Russell Square,51.522269,-0.125552
St George's Gardens,51.5257612,-0.121603
Tavistock Square,51.5216850426032,-0.126002335967996
Lincoln's Inn,51.516096,-0.116655
Soho Square,51.5152861605951,-0.132200699860137
Bloomsbury Square Gardens,51.5189725003205,-0.130110569750597
Russell Park,51.522643,-0.12505
Ridgmount Gardens,51.521043,-0.1322871
Gordon Square,51.524819,-0.130488
Malet Street Gardens,51.5203641899698,-0.129247622561381
Crabtree Fields,51.5193697663059,-0.134398427108369
Spa Fields,51.5255937865318,-0.108261972607207
Hayes End Community Park,51.522825,-0.43757
Joseph Grimaldi Park,51.5312881,-0.11535
Saint James' Gardens,51.5284604380446,-0.136799668034404
Argyle Square,51.529146,-0.12177
Gray's Inn Fields,51.5201730351078,-0.113940238952637
Red Lion Square Gardens,51.5191303309173,-0.118986815214157
Red Lion Square,51.51943,-0.11812
Russell Square,51.522269,-0.125552
Corams Fields,51.5235598,-0.120122
Regent's Canal,51.5350979030116,-0.119562149047852
Corams Fields,51.5235598,-0.120122
St George's Gardens,51.5257612,-0.121603
Myddelton Square Park,51.5297,-0.108335
Kings Square Gardens,51.5270695294121,-0.0983695232480907
Joseph Grimaldi Park,51.5312881,-0.11535
Islington Green,51.5362324200429,-0.103071928024292
Spa Fields,51.5255937865318,-0.108261972607207
Northampton Square Garden,51.527282,-0.102286
Islington Visitor Moorings,51.533262,-0.101458
Barnard Park,51.5372802833298,-0.112111725056681
Duncan Terrace Gardens,51.5333627,-0.1033616
Argyle Square,51.529146,-0.12177
Gray's Inn Fields,51.5201730351078,-0.113940238952637
Barnard Park Adventure Playground,51.535416,-0.110164
Charterhouse Square,51.521323,-0.098884
Holland Park,51.5014628,-0.2036111
Kyoto Garden in Holland Park,51.503042999716,-0.204658918082714
Cluny Mews Gardens,51.492208,-0.20053
Leathermarket Gardens,51.5008599259018,-0.0835175409886091
Tanner Street Park,51.5002770763786,-0.080901658230943
Corams Fields,51.5235598,-0.120122
Russell Square,51.522269,-0.125552
St George's Gardens,51.5257612,-0.121603
Tavistock Square,51.5216850426032,-0.126002335967996
Lincoln's Inn,51.516096,-0.116655
Soho Square,51.5152861605951,-0.132200699860137
Bloomsbury Square Gardens,51.5189725003205,-0.130110569750597
Russell Park,51.522643,-0.12505
Ridgmount Gardens,51.521043,-0.1322871
Gordon Square,51.524819,-0.130488
Malet Street Gardens,51.5203641899698,-0.129247622561381
Crabtree Fields,51.5193697663059,-0.134398427108369
Spa Fields,51.5255937865318,-0.108261972607207
Hayes End Community Park,51.522825,-0.43757
Joseph Grimaldi Park,51.5312881,-0.11535
Saint James' Gardens,51.5284604380446,-0.136799668034404
Argyle Square,51.529146,-0.12177
Gray's Inn Fields,51.5201730351078,-0.113940238952637
Red Lion Square Gardens,51.5191303309173,-0.118986815214157
Red Lion Square,51.51943,-0.11812
Russell Square,51.522269,-0.125552
Corams Fields,51.5235598,-0.120122
Bloomsbury Square Gardens,51.5189725003205,-0.130110569750597
Regent's Canal,51.5350979030116,-0.119562149047852
Corams Fields,51.5235598,-0.120122
St George's Gardens,51.5257612,-0.121603
Myddelton Square Park,51.5297,-0.108335
Kings Square Gardens,51.5270695294121,-0.0983695232480907
Joseph Grimaldi Park,51.5312881,-0.11535
Islington Green,51.5362324200429,-0.103071928024292
Spa Fields,51.5255937865318,-0.108261972607207
Northampton Square Garden,51.527282,-0.102286
Islington Visitor Moorings,51.533262,-0.101458
Barnard Park,51.5372802833298,-0.112111725056681
Duncan Terrace Gardens,51.5333627,-0.1033616
Argyle Square,51.529146,-0.12177
Gray's Inn Fields,51.5201730351078,-0.113940238952637
Barnard Park Adventure Playground,51.535416,-0.110164
Charterhouse Square,51.521323,-0.098884
Holland Park,51.5014628,-0.2036111
Kyoto Garden in Holland Park,51.503042999716,-0.204658918082714
Cluny Mews Gardens,51.492208,-0.20053
Leathermarket Gardens,51.5008599259018,-0.0835175409886091
Tanner Street Park,51.5002770763786,-0.080901658230943
Corams Fields,51.5235598,-0.120122
Russell Square,51.522269,-0.125552
St George's Gardens,51.5257612,-0.121603
Tavistock Square,51.5216850426032,-0.126002335967996
Lincoln's Inn,51.516096,-0.116655
Soho Square,51.5152861605951,-0.132200699860137
Bloomsbury Square Gardens,51.5189725003205,-0.130110569750597
Russell Park,51.522643,-0.12505
Ridgmount Gardens,51.521043,-0.1322871
Gordon Square,51.524819,-0.130488
Malet Street Gardens,51.5203641899698,-0.129247622561381
Crabtree Fields,51.5193697663059,-0.134398427108369
Spa Fields,51.5255937865318,-0.108261972607207
Hayes End Community Park,51.522825,-0.43757
Joseph Grimaldi Park,51.5312881,-0.11535
Saint James' Gardens,51.5284604380446,-0.136799668034404
Argyle Square,51.529146,-0.12177
Gray's Inn Fields,51.5201730351078,-0.113940238952637
Red Lion Square Gardens,51.5191303309173,-0.118986815214157
Red Lion Square,51.51943,-0.11812
Russell Square,51.522269,-0.125552
Corams Fields,51.5235598,-0.120122
Bloomsbury Square Gardens,51.5189725003205,-0.130110569750597
St George's Gardens,51.5257612,-0.121603
Regent's Canal,51.5350979030116,-0.119562149047852
Corams Fields,51.5235598,-0.120122
St George's Gardens,51.5257612,-0.121603
Myddelton Square Park,51.5297,-0.108335
Kings Square Gardens,51.5270695294121,-0.0983695232480907
Joseph Grimaldi Park,51.5312881,-0.11535
Islington Green,51.5362324200429,-0.103071928024292
Spa Fields,51.5255937865318,-0.108261972607207
Northampton Square Garden,51.527282,-0.102286
Islington Visitor Moorings,51.533262,-0.101458
Barnard Park,51.5372802833298,-0.112111725056681
Duncan Terrace Gardens,51.5333627,-0.1033616
Argyle Square,51.529146,-0.12177
Gray's Inn Fields,51.5201730351078,-0.113940238952637
Barnard Park Adventure Playground,51.535416,-0.110164
Charterhouse Square,51.521323,-0.098884
Holland Park,51.5014628,-0.2036111
Kyoto Garden in Holland Park,51.503042999716,-0.204658918082714
Cluny Mews Gardens,51.492208,-0.20053
Leathermarket Gardens,51.5008599259018,-0.0835175409886091
Tanner Street Park,51.5002770763786,-0.080901658230943
Corams Fields,51.5235598,-0.120122
Russell Square,51.522269,-0.125552
St George's Gardens,51.5257612,-0.121603
Tavistock Square,51.5216850426032,-0.126002335967996
Lincoln's Inn,51.516096,-0.116655
Soho Square,51.5152861605951,-0.132200699860137
Bloomsbury Square Gardens,51.5189725003205,-0.130110569750597
Russell Park,51.522643,-0.12505
Ridgmount Gardens,51.521043,-0.1322871
Gordon Square,51.524819,-0.130488
Malet Street Gardens,51.5203641899698,-0.129247622561381
Crabtree Fields,51.5193697663059,-0.134398427108369
Spa Fields,51.5255937865318,-0.108261972607207
Hayes End Community Park,51.522825,-0.43757
Joseph Grimaldi Park,51.5312881,-0.11535
Saint James' Gardens,51.5284604380446,-0.136799668034404
Argyle Square,51.529146,-0.12177
Gray's Inn Fields,51.5201730351078,-0.113940238952637
Red Lion Square Gardens,51.5191303309173,-0.118986815214157
Red Lion Square,51.51943,-0.11812
Russell Square,51.522269,-0.125552
Corams Fields,51.5235598,-0.120122
Bloomsbury Square Gardens,51.5189725003205,-0.130110569750597
St George's Gardens,51.5257612,-0.121603
Tavistock Square,51.5216850426032,-0.126002335967996
Regent's Canal,51.5350979030116,-0.119562149047852
Corams Fields,51.5235598,-0.120122
St George's Gardens,51.5257612,-0.121603
Myddelton Square Park,51.5297,-0.108335
Kings Square Gardens,51.5270695294121,-0.0983695232480907
Joseph Grimaldi Park,51.5312881,-0.11535
Islington Green,51.5362324200429,-0.103071928024292
Spa Fields,51.5255937865318,-0.108261972607207
Northampton Square Garden,51.527282,-0.102286
Islington Visitor Moorings,51.533262,-0.101458
Barnard Park,51.5372802833298,-0.112111725056681
Duncan Terrace Gardens,51.5333627,-0.1033616
Argyle Square,51.529146,-0.12177
Gray's Inn Fields,51.5201730351078,-0.113940238952637
Barnard Park Adventure Playground,51.535416,-0.110164
Charterhouse Square,51.521323,-0.098884
Holland Park,51.5014628,-0.2036111
Kyoto Garden in Holland Park,51.503042999716,-0.204658918082714
Cluny Mews Gardens,51.492208,-0.20053
Leathermarket Gardens,51.5008599259018,-0.0835175409886091
Tanner Street Park,51.5002770763786,-0.080901658230943
Corams Fields,51.5235598,-0.120122
Russell Square,51.522269,-0.125552
St George's Gardens,51.5257612,-0.121603
Tavistock Square,51.5216850426032,-0.126002335967996
Lincoln's Inn,51.516096,-0.116655
Soho Square,51.5152861605951,-0.132200699860137
Bloomsbury Square Gardens,51.5189725003205,-0.130110569750597
Russell Park,51.522643,-0.12505
Ridgmount Gardens,51.521043,-0.1322871
Gordon Square,51.524819,-0.130488
Malet Street Gardens,51.5203641899698,-0.129247622561381
Crabtree Fields,51.5193697663059,-0.134398427108369
Spa Fields,51.5255937865318,-0.108261972607207
Hayes End Community Park,51.522825,-0.43757
Joseph Grimaldi Park,51.5312881,-0.11535
Saint James' Gardens,51.5284604380446,-0.136799668034404
Argyle Square,51.529146,-0.12177
Gray's Inn Fields,51.5201730351078,-0.113940238952637
Red Lion Square Gardens,51.5191303309173,-0.118986815214157
Red Lion Square,51.51943,-0.11812
Russell Square,51.522269,-0.125552
Corams Fields,51.5235598,-0.120122
Bloomsbury Square Gardens,51.5189725003205,-0.130110569750597
St George's Gardens,51.5257612,-0.121603
Tavistock Square,51.5216850426032,-0.126002335967996
Malet Street Gardens,51.5203641899698,-0.129247622561381
Regent's Canal,51.5350979030116,-0.119562149047852
Corams Fields,51.5235598,-0.120122
St George's Gardens,51.5257612,-0.121603
Myddelton Square Park,51.5297,-0.108335
Kings Square Gardens,51.5270695294121,-0.0983695232480907
Joseph Grimaldi Park,51.5312881,-0.11535
Islington Green,51.5362324200429,-0.103071928024292
Spa Fields,51.5255937865318,-0.108261972607207
Northampton Square Garden,51.527282,-0.102286
Islington Visitor Moorings,51.533262,-0.101458
Barnard Park,51.5372802833298,-0.112111725056681
Duncan Terrace Gardens,51.5333627,-0.1033616
Argyle Square,51.529146,-0.12177
Gray's Inn Fields,51.5201730351078,-0.113940238952637
Barnard Park Adventure Playground,51.535416,-0.110164
Charterhouse Square,51.521323,-0.098884
Holland Park,51.5014628,-0.2036111
Kyoto Garden in Holland Park,51.503042999716,-0.204658918082714
Cluny Mews Gardens,51.492208,-0.20053
Leathermarket Gardens,51.5008599259018,-0.0835175409886091
Tanner Street Park,51.5002770763786,-0.080901658230943
Corams Fields,51.5235598,-0.120122
Russell Square,51.522269,-0.125552
St George's Gardens,51.5257612,-0.121603
Tavistock Square,51.5216850426032,-0.126002335967996
Lincoln's Inn,51.516096,-0.116655
Soho Square,51.5152861605951,-0.132200699860137
Bloomsbury Square Gardens,51.5189725003205,-0.130110569750597
Russell Park,51.522643,-0.12505
Ridgmount Gardens,51.521043,-0.1322871
Gordon Square,51.524819,-0.130488
Malet Street Gardens,51.5203641899698,-0.129247622561381
Crabtree Fields,51.5193697663059,-0.134398427108369
Spa Fields,51.5255937865318,-0.108261972607207
Hayes End Community Park,51.522825,-0.43757
Joseph Grimaldi Park,51.5312881,-0.11535
Saint James' Gardens,51.5284604380446,-0.136799668034404
Argyle Square,51.529146,-0.12177
Gray's Inn Fields,51.5201730351078,-0.113940238952637
Red Lion Square Gardens,51.5191303309173,-0.118986815214157
Red Lion Square,51.51943,-0.11812
Russell Square,51.522269,-0.125552
Corams Fields,51.5235598,-0.120122
Bloomsbury Square Gardens,51.5189725003205,-0.130110569750597
St George's Gardens,51.5257612,-0.121603
Tavistock Square,51.5216850426032,-0.126002335967996
Malet Street Gardens,51.5203641899698,-0.129247622561381
Ridgmount Gardens,51.521043,-0.1322871
Regent's Canal,51.5350979030116,-0.119562149047852
Corams Fields,51.5235598,-0.120122
St George's Gardens,51.5257612,-0.121603
Myddelton Square Park,51.5297,-0.108335
Kings Square Gardens,51.5270695294121,-0.0983695232480907
Joseph Grimaldi Park,51.5312881,-0.11535
Islington Green,51.5362324200429,-0.103071928024292
Spa Fields,51.5255937865318,-0.108261972607207
Northampton Square Garden,51.527282,-0.102286
Islington Visitor Moorings,51.533262,-0.101458
Barnard Park,51.5372802833298,-0.112111725056681
Duncan Terrace Gardens,51.5333627,-0.1033616
Argyle Square,51.529146,-0.12177
Gray's Inn Fields,51.5201730351078,-0.113940238952637
Barnard Park Adventure Playground,51.535416,-0.110164
Charterhouse Square,51.521323,-0.098884
Holland Park,51.5014628,-0.2036111
Kyoto Garden in Holland Park,51.503042999716,-0.204658918082714
Cluny Mews Gardens,51.492208,-0.20053
Leathermarket Gardens,51.5008599259018,-0.0835175409886091
Tanner Street Park,51.5002770763786,-0.080901658230943
Corams Fields,51.5235598,-0.120122
Russell Square,51.522269,-0.125552
St George's Gardens,51.5257612,-0.121603
Tavistock Square,51.5216850426032,-0.126002335967996
Lincoln's Inn,51.516096,-0.116655
Soho Square,51.5152861605951,-0.132200699860137
Bloomsbury Square Gardens,51.5189725003205,-0.130110569750597
Russell Park,51.522643,-0.12505
Ridgmount Gardens,51.521043,-0.1322871
Gordon Square,51.524819,-0.130488
Malet Street Gardens,51.5203641899698,-0.129247622561381
Crabtree Fields,51.5193697663059,-0.134398427108369
Spa Fields,51.5255937865318,-0.108261972607207
Hayes End Community Park,51.522825,-0.43757
Joseph Grimaldi Park,51.5312881,-0.11535
Saint James' Gardens,51.5284604380446,-0.136799668034404
Argyle Square,51.529146,-0.12177
Gray's Inn Fields,51.5201730351078,-0.113940238952637
Red Lion Square Gardens,51.5191303309173,-0.118986815214157
Red Lion Square,51.51943,-0.11812
Russell Square,51.522269,-0.125552
Corams Fields,51.5235598,-0.120122
Bloomsbury Square Gardens,51.5189725003205,-0.130110569750597
St George's Gardens,51.5257612,-0.121603
Tavistock Square,51.5216850426032,-0.126002335967996
Malet Street Gardens,51.5203641899698,-0.129247622561381
Ridgmount Gardens,51.521043,-0.1322871
Soho Square,51.5152861605951,-0.132200699860137
Regent's Canal,51.5350979030116,-0.119562149047852
Corams Fields,51.5235598,-0.120122
St George's Gardens,51.5257612,-0.121603
Myddelton Square Park,51.5297,-0.108335
Kings Square Gardens,51.5270695294121,-0.0983695232480907
Joseph Grimaldi Park,51.5312881,-0.11535
Islington Green,51.5362324200429,-0.103071928024292
Spa Fields,51.5255937865318,-0.108261972607207
Northampton Square Garden,51.527282,-0.102286
Islington Visitor Moorings,51.533262,-0.101458
Barnard Park,51.5372802833298,-0.112111725056681
Duncan Terrace Gardens,51.5333627,-0.1033616
Argyle Square,51.529146,-0.12177
Gray's Inn Fields,51.5201730351078,-0.113940238952637
Barnard Park Adventure Playground,51.535416,-0.110164
Charterhouse Square,51.521323,-0.098884
Holland Park,51.5014628,-0.2036111
Kyoto Garden in Holland Park,51.503042999716,-0.204658918082714
Cluny Mews Gardens,51.492208,-0.20053
Leathermarket Gardens,51.5008599259018,-0.0835175409886091
Tanner Street Park,51.5002770763786,-0.080901658230943
Corams Fields,51.5235598,-0.120122
Russell Square,51.522269,-0.125552
St George's Gardens,51.5257612,-0.121603
Tavistock Square,51.5216850426032,-0.126002335967996
Lincoln's Inn,51.516096,-0.116655
Soho Square,51.5152861605951,-0.132200699860137
Bloomsbury Square Gardens,51.5189725003205,-0.130110569750597
Russell Park,51.522643,-0.12505
Ridgmount Gardens,51.521043,-0.1322871
Gordon Square,51.524819,-0.130488
Malet Street Gardens,51.5203641899698,-0.129247622561381
Crabtree Fields,51.5193697663059,-0.134398427108369
Spa Fields,51.5255937865318,-0.108261972607207
Hayes End Community Park,51.522825,-0.43757
Joseph Grimaldi Park,51.5312881,-0.11535
Saint James' Gardens,51.5284604380446,-0.136799668034404
Argyle Square,51.529146,-0.12177
Gray's Inn Fields,51.5201730351078,-0.113940238952637
Red Lion Square Gardens,51.5191303309173,-0.118986815214157
Red Lion Square,51.51943,-0.11812
Russell Square,51.522269,-0.125552
Corams Fields,51.5235598,-0.120122
Bloomsbury Square Gardens,51.5189725003205,-0.130110569750597
St George's Gardens,51.5257612,-0.121603
Tavistock Square,51.5216850426032,-0.126002335967996
Malet Street Gardens,51.5203641899698,-0.129247622561381
Ridgmount Gardens,51.521043,-0.1322871
Soho Square,51.5152861605951,-0.132200699860137
Lincoln's Inn,51.516096,-0.116655
Regent's Canal,51.5350979030116,-0.119562149047852
Corams Fields,51.5235598,-0.120122
St George's Gardens,51.5257612,-0.121603
Myddelton Square Park,51.5297,-0.108335
Kings Square Gardens,51.5270695294121,-0.0983695232480907
Joseph Grimaldi Park,51.5312881,-0.11535
Islington Green,51.5362324200429,-0.103071928024292
Spa Fields,51.5255937865318,-0.108261972607207
Northampton Square Garden,51.527282,-0.102286
Islington Visitor Moorings,51.533262,-0.101458
Barnard Park,51.5372802833298,-0.112111725056681
Duncan Terrace Gardens,51.5333627,-0.1033616
Argyle Square,51.529146,-0.12177
Gray's Inn Fields,51.5201730351078,-0.113940238952637
Barnard Park Adventure Playground,51.535416,-0.110164
Charterhouse Square,51.521323,-0.098884
Holland Park,51.5014628,-0.2036111
Kyoto Garden in Holland Park,51.503042999716,-0.204658918082714
Cluny Mews Gardens,51.492208,-0.20053
Leathermarket Gardens,51.5008599259018,-0.0835175409886091
Tanner Street Park,51.5002770763786,-0.080901658230943
Corams Fields,51.5235598,-0.120122
Russell Square,51.522269,-0.125552
St George's Gardens,51.5257612,-0.121603
Tavistock Square,51.5216850426032,-0.126002335967996
Lincoln's Inn,51.516096,-0.116655
Soho Square,51.5152861605951,-0.132200699860137
Bloomsbury Square Gardens,51.5189725003205,-0.130110569750597
Russell Park,51.522643,-0.12505
Ridgmount Gardens,51.521043,-0.1322871
Gordon Square,51.524819,-0.130488
Malet Street Gardens,51.5203641899698,-0.129247622561381
Crabtree Fields,51.5193697663059,-0.134398427108369
Spa Fields,51.5255937865318,-0.108261972607207
Hayes End Community Park,51.522825,-0.43757
Joseph Grimaldi Park,51.5312881,-0.11535
Saint James' Gardens,51.5284604380446,-0.136799668034404
Argyle Square,51.529146,-0.12177
Gray's Inn Fields,51.5201730351078,-0.113940238952637
Red Lion Square Gardens,51.5191303309173,-0.118986815214157
Red Lion Square,51.51943,-0.11812
Russell Square,51.522269,-0.125552
Corams Fields,51.5235598,-0.120122
Bloomsbury Square Gardens,51.5189725003205,-0.130110569750597
St George's Gardens,51.5257612,-0.121603
Tavistock Square,51.5216850426032,-0.126002335967996
Malet Street Gardens,51.5203641899698,-0.129247622561381
Ridgmount Gardens,51.521043,-0.1322871
Soho Square,51.5152861605951,-0.132200699860137
Lincoln's Inn,51.516096,-0.116655
Gordon Square,51.524819,-0.130488
Regent's Canal,51.5350979030116,-0.119562149047852
Corams Fields,51.5235598,-0.120122
St George's Gardens,51.5257612,-0.121603
Myddelton Square Park,51.5297,-0.108335
Kings Square Gardens,51.5270695294121,-0.0983695232480907
Joseph Grimaldi Park,51.5312881,-0.11535
Islington Green,51.5362324200429,-0.103071928024292
Spa Fields,51.5255937865318,-0.108261972607207
Northampton Square Garden,51.527282,-0.102286
Islington Visitor Moorings,51.533262,-0.101458
Barnard Park,51.5372802833298,-0.112111725056681
Duncan Terrace Gardens,51.5333627,-0.1033616
Argyle Square,51.529146,-0.12177
Gray's Inn Fields,51.5201730351078,-0.113940238952637
Barnard Park Adventure Playground,51.535416,-0.110164
Charterhouse Square,51.521323,-0.098884
Holland Park,51.5014628,-0.2036111
Kyoto Garden in Holland Park,51.503042999716,-0.204658918082714
Cluny Mews Gardens,51.492208,-0.20053
Leathermarket Gardens,51.5008599259018,-0.0835175409886091
Tanner Street Park,51.5002770763786,-0.080901658230943
Corams Fields,51.5235598,-0.120122
Russell Square,51.522269,-0.125552
St George's Gardens,51.5257612,-0.121603
Tavistock Square,51.5216850426032,-0.126002335967996
Lincoln's Inn,51.516096,-0.116655
Soho Square,51.5152861605951,-0.132200699860137
Bloomsbury Square Gardens,51.5189725003205,-0.130110569750597
Russell Park,51.522643,-0.12505
Ridgmount Gardens,51.521043,-0.1322871
Gordon Square,51.524819,-0.130488
Malet Street Gardens,51.5203641899698,-0.129247622561381
Crabtree Fields,51.5193697663059,-0.134398427108369
Spa Fields,51.5255937865318,-0.108261972607207
Hayes End Community Park,51.522825,-0.43757
Joseph Grimaldi Park,51.5312881,-0.11535
Saint James' Gardens,51.5284604380446,-0.136799668034404
Argyle Square,51.529146,-0.12177
Gray's Inn Fields,51.5201730351078,-0.113940238952637
Red Lion Square Gardens,51.5191303309173,-0.118986815214157
Red Lion Square,51.51943,-0.11812
Russell Square,51.522269,-0.125552
Corams Fields,51.5235598,-0.120122
Bloomsbury Square Gardens,51.5189725003205,-0.130110569750597
St George's Gardens,51.5257612,-0.121603
Tavistock Square,51.5216850426032,-0.126002335967996
Malet Street Gardens,51.5203641899698,-0.129247622561381
Ridgmount Gardens,51.521043,-0.1322871
Soho Square,51.5152861605951,-0.132200699860137
Lincoln's Inn,51.516096,-0.116655
Gordon Square,51.524819,-0.130488
Lend Lease Bluewater Park,51.513884,-0.118618
Regent's Canal,51.5350979030116,-0.119562149047852
Corams Fields,51.5235598,-0.120122
St George's Gardens,51.5257612,-0.121603
Myddelton Square Park,51.5297,-0.108335
Kings Square Gardens,51.5270695294121,-0.0983695232480907
Joseph Grimaldi Park,51.5312881,-0.11535
Islington Green,51.5362324200429,-0.103071928024292
Spa Fields,51.5255937865318,-0.108261972607207
Northampton Square Garden,51.527282,-0.102286
Islington Visitor Moorings,51.533262,-0.101458
Barnard Park,51.5372802833298,-0.112111725056681
Duncan Terrace Gardens,51.5333627,-0.1033616
Argyle Square,51.529146,-0.12177
Gray's Inn Fields,51.5201730351078,-0.113940238952637
Barnard Park Adventure Playground,51.535416,-0.110164
Charterhouse Square,51.521323,-0.098884
Holland Park,51.5014628,-0.2036111
Kyoto Garden in Holland Park,51.503042999716,-0.204658918082714
Cluny Mews Gardens,51.492208,-0.20053
Leathermarket Gardens,51.5008599259018,-0.0835175409886091
Tanner Street Park,51.5002770763786,-0.080901658230943
Corams Fields,51.5235598,-0.120122
Russell Square,51.522269,-0.125552
St George's Gardens,51.5257612,-0.121603
Tavistock Square,51.5216850426032,-0.126002335967996
Lincoln's Inn,51.516096,-0.116655
Soho Square,51.5152861605951,-0.132200699860137
Bloomsbury Square Gardens,51.5189725003205,-0.130110569750597
Russell Park,51.522643,-0.12505
Ridgmount Gardens,51.521043,-0.1322871
Gordon Square,51.524819,-0.130488
Malet Street Gardens,51.5203641899698,-0.129247622561381
Crabtree Fields,51.5193697663059,-0.134398427108369
Spa Fields,51.5255937865318,-0.108261972607207
Hayes End Community Park,51.522825,-0.43757
Joseph Grimaldi Park,51.5312881,-0.11535
Saint James' Gardens,51.5284604380446,-0.136799668034404
Argyle Square,51.529146,-0.12177
Gray's Inn Fields,51.5201730351078,-0.113940238952637
Red Lion Square Gardens,51.5191303309173,-0.118986815214157
Red Lion Square,51.51943,-0.11812
Russell Square,51.522269,-0.125552
Corams Fields,51.5235598,-0.120122
Bloomsbury Square Gardens,51.5189725003205,-0.130110569750597
St George's Gardens,51.5257612,-0.121603
Tavistock Square,51.5216850426032,-0.126002335967996
Malet Street Gardens,51.5203641899698,-0.129247622561381
Ridgmount Gardens,51.521043,-0.1322871
Soho Square,51.5152861605951,-0.132200699860137
Lincoln's Inn,51.516096,-0.116655
Gordon Square,51.524819,-0.130488
Lend Lease Bluewater Park,51.513884,-0.118618
Crabtree Fields,51.5193697663059,-0.134398427108369
Regent's Canal,51.5350979030116,-0.119562149047852
Corams Fields,51.5235598,-0.120122
St George's Gardens,51.5257612,-0.121603
Myddelton Square Park,51.5297,-0.108335
Kings Square Gardens,51.5270695294121,-0.0983695232480907
Joseph Grimaldi Park,51.5312881,-0.11535
Islington Green,51.5362324200429,-0.103071928024292
Spa Fields,51.5255937865318,-0.108261972607207
Northampton Square Garden,51.527282,-0.102286
Islington Visitor Moorings,51.533262,-0.101458
Barnard Park,51.5372802833298,-0.112111725056681
Duncan Terrace Gardens,51.5333627,-0.1033616
Argyle Square,51.529146,-0.12177
Gray's Inn Fields,51.5201730351078,-0.113940238952637
Barnard Park Adventure Playground,51.535416,-0.110164
Charterhouse Square,51.521323,-0.098884
Holland Park,51.5014628,-0.2036111
Kyoto Garden in Holland Park,51.503042999716,-0.204658918082714
Cluny Mews Gardens,51.492208,-0.20053
Leathermarket Gardens,51.5008599259018,-0.0835175409886091
Tanner Street Park,51.5002770763786,-0.080901658230943
Corams Fields,51.5235598,-0.120122
Russell Square,51.522269,-0.125552
St George's Gardens,51.5257612,-0.121603
Tavistock Square,51.5216850426032,-0.126002335967996
Lincoln's Inn,51.516096,-0.116655
Soho Square,51.5152861605951,-0.132200699860137
Bloomsbury Square Gardens,51.5189725003205,-0.130110569750597
Russell Park,51.522643,-0.12505
Ridgmount Gardens,51.521043,-0.1322871
Gordon Square,51.524819,-0.130488
Malet Street Gardens,51.5203641899698,-0.129247622561381
Crabtree Fields,51.5193697663059,-0.134398427108369
Spa Fields,51.5255937865318,-0.108261972607207
Hayes End Community Park,51.522825,-0.43757
Joseph Grimaldi Park,51.5312881,-0.11535
Saint James' Gardens,51.5284604380446,-0.136799668034404
Argyle Square,51.529146,-0.12177
Gray's Inn Fields,51.5201730351078,-0.113940238952637
Red Lion Square Gardens,51.5191303309173,-0.118986815214157
Red Lion Square,51.51943,-0.11812
Russell Square,51.522269,-0.125552
Corams Fields,51.5235598,-0.120122
Bloomsbury Square Gardens,51.5189725003205,-0.130110569750597
St George's Gardens,51.5257612,-0.121603
Tavistock Square,51.5216850426032,-0.126002335967996
Malet Street Gardens,51.5203641899698,-0.129247622561381
Ridgmount Gardens,51.521043,-0.1322871
Soho Square,51.5152861605951,-0.132200699860137
Lincoln's Inn,51.516096,-0.116655
Gordon Square,51.524819,-0.130488
Lend Lease Bluewater Park,51.513884,-0.118618
Crabtree Fields,51.5193697663059,-0.134398427108369
Russell Park,51.522643,-0.12505
Regent's Canal,51.5350979030116,-0.119562149047852
Corams Fields,51.5235598,-0.120122
St George's Gardens,51.5257612,-0.121603
Myddelton Square Park,51.5297,-0.108335
Kings Square Gardens,51.5270695294121,-0.0983695232480907
Joseph Grimaldi Park,51.5312881,-0.11535
Islington Green,51.5362324200429,-0.103071928024292
Spa Fields,51.5255937865318,-0.108261972607207
Northampton Square Garden,51.527282,-0.102286
Islington Visitor Moorings,51.533262,-0.101458
Barnard Park,51.5372802833298,-0.112111725056681
Duncan Terrace Gardens,51.5333627,-0.1033616
Argyle Square,51.529146,-0.12177
Gray's Inn Fields,51.5201730351078,-0.113940238952637
Barnard Park Adventure Playground,51.535416,-0.110164
Charterhouse Square,51.521323,-0.098884
Holland Park,51.5014628,-0.2036111
Kyoto Garden in Holland Park,51.503042999716,-0.204658918082714
Cluny Mews Gardens,51.492208,-0.20053
Leathermarket Gardens,51.5008599259018,-0.0835175409886091
Tanner Street Park,51.5002770763786,-0.080901658230943
Corams Fields,51.5235598,-0.120122
Russell Square,51.522269,-0.125552
St George's Gardens,51.5257612,-0.121603
Tavistock Square,51.5216850426032,-0.126002335967996
Lincoln's Inn,51.516096,-0.116655
Soho Square,51.5152861605951,-0.132200699860137
Bloomsbury Square Gardens,51.5189725003205,-0.130110569750597
Russell Park,51.522643,-0.12505
Ridgmount Gardens,51.521043,-0.1322871
Gordon Square,51.524819,-0.130488
Malet Street Gardens,51.5203641899698,-0.129247622561381
Crabtree Fields,51.5193697663059,-0.134398427108369
Spa Fields,51.5255937865318,-0.108261972607207
Hayes End Community Park,51.522825,-0.43757
Joseph Grimaldi Park,51.5312881,-0.11535
Saint James' Gardens,51.5284604380446,-0.136799668034404
Argyle Square,51.529146,-0.12177
Gray's Inn Fields,51.5201730351078,-0.113940238952637
Red Lion Square Gardens,51.5191303309173,-0.118986815214157
Red Lion Square,51.51943,-0.11812
Russell Square,51.522269,-0.125552
Corams Fields,51.5235598,-0.120122
Bloomsbury Square Gardens,51.5189725003205,-0.130110569750597
St George's Gardens,51.5257612,-0.121603
Tavistock Square,51.5216850426032,-0.126002335967996
Malet Street Gardens,51.5203641899698,-0.129247622561381
Ridgmount Gardens,51.521043,-0.1322871
Soho Square,51.5152861605951,-0.132200699860137
Lincoln's Inn,51.516096,-0.116655
Gordon Square,51.524819,-0.130488
Lend Lease Bluewater Park,51.513884,-0.118618
Crabtree Fields,51.5193697663059,-0.134398427108369
Russell Park,51.522643,-0.12505
Hanover Square,51.5142216,-0.144189
Regent's Canal,51.5350979030116,-0.119562149047852
Corams Fields,51.5235598,-0.120122
St George's Gardens,51.5257612,-0.121603
Myddelton Square Park,51.5297,-0.108335
Kings Square Gardens,51.5270695294121,-0.0983695232480907
Joseph Grimaldi Park,51.5312881,-0.11535
Islington Green,51.5362324200429,-0.103071928024292
Spa Fields,51.5255937865318,-0.108261972607207
Northampton Square Garden,51.527282,-0.102286
Islington Visitor Moorings,51.533262,-0.101458
Barnard Park,51.5372802833298,-0.112111725056681
Duncan Terrace Gardens,51.5333627,-0.1033616
Argyle Square,51.529146,-0.12177
Gray's Inn Fields,51.5201730351078,-0.113940238952637
Barnard Park Adventure Playground,51.535416,-0.110164
Charterhouse Square,51.521323,-0.098884
Holland Park,51.5014628,-0.2036111
Kyoto Garden in Holland Park,51.503042999716,-0.204658918082714
Cluny Mews Gardens,51.492208,-0.20053
Leathermarket Gardens,51.5008599259018,-0.0835175409886091
Tanner Street Park,51.5002770763786,-0.080901658230943
Corams Fields,51.5235598,-0.120122
Russell Square,51.522269,-0.125552
St George's Gardens,51.5257612,-0.121603
Tavistock Square,51.5216850426032,-0.126002335967996
Lincoln's Inn,51.516096,-0.116655
Soho Square,51.5152861605951,-0.132200699860137
Bloomsbury Square Gardens,51.5189725003205,-0.130110569750597
Russell Park,51.522643,-0.12505
Ridgmount Gardens,51.521043,-0.1322871
Gordon Square,51.524819,-0.130488
Malet Street Gardens,51.5203641899698,-0.129247622561381
Crabtree Fields,51.5193697663059,-0.134398427108369
Spa Fields,51.5255937865318,-0.108261972607207
Hayes End Community Park,51.522825,-0.43757
Joseph Grimaldi Park,51.5312881,-0.11535
Saint James' Gardens,51.5284604380446,-0.136799668034404
Argyle Square,51.529146,-0.12177
Gray's Inn Fields,51.5201730351078,-0.113940238952637
Red Lion Square Gardens,51.5191303309173,-0.118986815214157
Red Lion Square,51.51943,-0.11812
Russell Square,51.522269,-0.125552
Corams Fields,51.5235598,-0.120122
Bloomsbury Square Gardens,51.5189725003205,-0.130110569750597
St George's Gardens,51.5257612,-0.121603
Tavistock Square,51.5216850426032,-0.126002335967996
Malet Street Gardens,51.5203641899698,-0.129247622561381
Ridgmount Gardens,51.521043,-0.1322871
Soho Square,51.5152861605951,-0.132200699860137
Lincoln's Inn,51.516096,-0.116655
Gordon Square,51.524819,-0.130488
Lend Lease Bluewater Park,51.513884,-0.118618
Crabtree Fields,51.5193697663059,-0.134398427108369
Russell Park,51.522643,-0.12505
Hanover Square,51.5142216,-0.144189
Hayes End Community Park,51.522825,-0.43757
Regent's Canal,51.5350979030116,-0.119562149047852
Corams Fields,51.5235598,-0.120122
St George's Gardens,51.5257612,-0.121603
Myddelton Square Park,51.5297,-0.108335
Kings Square Gardens,51.5270695294121,-0.0983695232480907
Joseph Grimaldi Park,51.5312881,-0.11535
Islington Green,51.5362324200429,-0.103071928024292
Spa Fields,51.5255937865318,-0.108261972607207
Northampton Square Garden,51.527282,-0.102286
Islington Visitor Moorings,51.533262,-0.101458
Barnard Park,51.5372802833298,-0.112111725056681
Duncan Terrace Gardens,51.5333627,-0.1033616
Argyle Square,51.529146,-0.12177
Gray's Inn Fields,51.5201730351078,-0.113940238952637
Barnard Park Adventure Playground,51.535416,-0.110164
Charterhouse Square,51.521323,-0.098884
Holland Park,51.5014628,-0.2036111
Kyoto Garden in Holland Park,51.503042999716,-0.204658918082714
Cluny Mews Gardens,51.492208,-0.20053
Leathermarket Gardens,51.5008599259018,-0.0835175409886091
Tanner Street Park,51.5002770763786,-0.080901658230943
Corams Fields,51.5235598,-0.120122
Russell Square,51.522269,-0.125552
St George's Gardens,51.5257612,-0.121603
Tavistock Square,51.5216850426032,-0.126002335967996
Lincoln's Inn,51.516096,-0.116655
Soho Square,51.5152861605951,-0.132200699860137
Bloomsbury Square Gardens,51.5189725003205,-0.130110569750597
Russell Park,51.522643,-0.12505
Ridgmount Gardens,51.521043,-0.1322871
Gordon Square,51.524819,-0.130488
Malet Street Gardens,51.5203641899698,-0.129247622561381
Crabtree Fields,51.5193697663059,-0.134398427108369
Spa Fields,51.5255937865318,-0.108261972607207
Hayes End Community Park,51.522825,-0.43757
Joseph Grimaldi Park,51.5312881,-0.11535
Saint James' Gardens,51.5284604380446,-0.136799668034404
Argyle Square,51.529146,-0.12177
Gray's Inn Fields,51.5201730351078,-0.113940238952637
Red Lion Square Gardens,51.5191303309173,-0.118986815214157
Red Lion Square,51.51943,-0.11812
Russell Square,51.522269,-0.125552
Corams Fields,51.5235598,-0.120122
Bloomsbury Square Gardens,51.5189725003205,-0.130110569750597
St George's Gardens,51.5257612,-0.121603
Tavistock Square,51.5216850426032,-0.126002335967996
Malet Street Gardens,51.5203641899698,-0.129247622561381
Ridgmount Gardens,51.521043,-0.1322871
Soho Square,51.5152861605951,-0.132200699860137
Lincoln's Inn,51.516096,-0.116655
Gordon Square,51.524819,-0.130488
Lend Lease Bluewater Park,51.513884,-0.118618
Crabtree Fields,51.5193697663059,-0.134398427108369
Russell Park,51.522643,-0.12505
Hanover Square,51.5142216,-0.144189
Hayes End Community Park,51.522825,-0.43757
Saint James' Gardens,51.5284604380446,-0.136799668034404
Regent's Canal,51.5350979030116,-0.119562149047852
Corams Fields,51.5235598,-0.120122
St George's Gardens,51.5257612,-0.121603
Myddelton Square Park,51.5297,-0.108335
Kings Square Gardens,51.5270695294121,-0.0983695232480907
Joseph Grimaldi Park,51.5312881,-0.11535
Islington Green,51.5362324200429,-0.103071928024292
Spa Fields,51.5255937865318,-0.108261972607207
Northampton Square Garden,51.527282,-0.102286
Islington Visitor Moorings,51.533262,-0.101458
Barnard Park,51.5372802833298,-0.112111725056681
Duncan Terrace Gardens,51.5333627,-0.1033616
Argyle Square,51.529146,-0.12177
Gray's Inn Fields,51.5201730351078,-0.113940238952637
Barnard Park Adventure Playground,51.535416,-0.110164
Charterhouse Square,51.521323,-0.098884
Holland Park,51.5014628,-0.2036111
Kyoto Garden in Holland Park,51.503042999716,-0.204658918082714
Cluny Mews Gardens,51.492208,-0.20053
Leathermarket Gardens,51.5008599259018,-0.0835175409886091
Tanner Street Park,51.5002770763786,-0.080901658230943
Corams Fields,51.5235598,-0.120122
Russell Square,51.522269,-0.125552
St George's Gardens,51.5257612,-0.121603
Tavistock Square,51.5216850426032,-0.126002335967996
Lincoln's Inn,51.516096,-0.116655
Soho Square,51.5152861605951,-0.132200699860137
Bloomsbury Square Gardens,51.5189725003205,-0.130110569750597
Russell Park,51.522643,-0.12505
Ridgmount Gardens,51.521043,-0.1322871
Gordon Square,51.524819,-0.130488
Malet Street Gardens,51.5203641899698,-0.129247622561381
Crabtree Fields,51.5193697663059,-0.134398427108369
Spa Fields,51.5255937865318,-0.108261972607207
Hayes End Community Park,51.522825,-0.43757
Joseph Grimaldi Park,51.5312881,-0.11535
Saint James' Gardens,51.5284604380446,-0.136799668034404
Argyle Square,51.529146,-0.12177
Gray's Inn Fields,51.5201730351078,-0.113940238952637
Red Lion Square Gardens,51.5191303309173,-0.118986815214157
Red Lion Square,51.51943,-0.11812
Russell Square,51.522269,-0.125552
Corams Fields,51.5235598,-0.120122
Bloomsbury Square Gardens,51.5189725003205,-0.130110569750597
St George's Gardens,51.5257612,-0.121603
Tavistock Square,51.5216850426032,-0.126002335967996
Malet Street Gardens,51.5203641899698,-0.129247622561381
Ridgmount Gardens,51.521043,-0.1322871
Soho Square,51.5152861605951,-0.132200699860137
Lincoln's Inn,51.516096,-0.116655
Gordon Square,51.524819,-0.130488
Lend Lease Bluewater Park,51.513884,-0.118618
Crabtree Fields,51.5193697663059,-0.134398427108369
Russell Park,51.522643,-0.12505
Hanover Square,51.5142216,-0.144189
Hayes End Community Park,51.522825,-0.43757
Saint James' Gardens,51.5284604380446,-0.136799668034404
Fitzrovia Square,51.522981,-0.140113
Regent's Canal,51.5350979030116,-0.119562149047852
Corams Fields,51.5235598,-0.120122
St George's Gardens,51.5257612,-0.121603
Myddelton Square Park,51.5297,-0.108335
Kings Square Gardens,51.5270695294121,-0.0983695232480907
Joseph Grimaldi Park,51.5312881,-0.11535
Islington Green,51.5362324200429,-0.103071928024292
Spa Fields,51.5255937865318,-0.108261972607207
Northampton Square Garden,51.527282,-0.102286
Islington Visitor Moorings,51.533262,-0.101458
Barnard Park,51.5372802833298,-0.112111725056681
Duncan Terrace Gardens,51.5333627,-0.1033616
Argyle Square,51.529146,-0.12177
Gray's Inn Fields,51.5201730351078,-0.113940238952637
Barnard Park Adventure Playground,51.535416,-0.110164
Charterhouse Square,51.521323,-0.098884
Holland Park,51.5014628,-0.2036111
Kyoto Garden in Holland Park,51.503042999716,-0.204658918082714
Cluny Mews Gardens,51.492208,-0.20053
Leathermarket Gardens,51.5008599259018,-0.0835175409886091
Tanner Street Park,51.5002770763786,-0.080901658230943
Corams Fields,51.5235598,-0.120122
Russell Square,51.522269,-0.125552
St George's Gardens,51.5257612,-0.121603
Tavistock Square,51.5216850426032,-0.126002335967996
Lincoln's Inn,51.516096,-0.116655
Soho Square,51.5152861605951,-0.132200699860137
Bloomsbury Square Gardens,51.5189725003205,-0.130110569750597
Russell Park,51.522643,-0.12505
Ridgmount Gardens,51.521043,-0.1322871
Gordon Square,51.524819,-0.130488
Malet Street Gardens,51.5203641899698,-0.129247622561381
Crabtree Fields,51.5193697663059,-0.134398427108369
Spa Fields,51.5255937865318,-0.108261972607207
Hayes End Community Park,51.522825,-0.43757
Joseph Grimaldi Park,51.5312881,-0.11535
Saint James' Gardens,51.5284604380446,-0.136799668034404
Argyle Square,51.529146,-0.12177
Gray's Inn Fields,51.5201730351078,-0.113940238952637
Red Lion Square Gardens,51.5191303309173,-0.118986815214157
Red Lion Square,51.51943,-0.11812
Russell Square,51.522269,-0.125552
Corams Fields,51.5235598,-0.120122
Bloomsbury Square Gardens,51.5189725003205,-0.130110569750597
St George's Gardens,51.5257612,-0.121603
Tavistock Square,51.5216850426032,-0.126002335967996
Malet Street Gardens,51.5203641899698,-0.129247622561381
Ridgmount Gardens,51.521043,-0.1322871
Soho Square,51.5152861605951,-0.132200699860137
Lincoln's Inn,51.516096,-0.116655
Gordon Square,51.524819,-0.130488
Lend Lease Bluewater Park,51.513884,-0.118618
Crabtree Fields,51.5193697663059,-0.134398427108369
Russell Park,51.522643,-0.12505
Hanover Square,51.5142216,-0.144189
Hayes End Community Park,51.522825,-0.43757
Saint James' Gardens,51.5284604380446,-0.136799668034404
Fitzrovia Square,51.522981,-0.140113
Red Lion Square Gardens,51.5191303309173,-0.118986815214157
Regent's Canal,51.5350979030116,-0.119562149047852
Corams Fields,51.5235598,-0.120122
St George's Gardens,51.5257612,-0.121603
Myddelton Square Park,51.5297,-0.108335
Kings Square Gardens,51.5270695294121,-0.0983695232480907
Joseph Grimaldi Park,51.5312881,-0.11535
Islington Green,51.5362324200429,-0.103071928024292
Spa Fields,51.5255937865318,-0.108261972607207
Northampton Square Garden,51.527282,-0.102286
Islington Visitor Moorings,51.533262,-0.101458
Barnard Park,51.5372802833298,-0.112111725056681
Duncan Terrace Gardens,51.5333627,-0.1033616
Argyle Square,51.529146,-0.12177
Gray's Inn Fields,51.5201730351078,-0.113940238952637
Barnard Park Adventure Playground,51.535416,-0.110164
Charterhouse Square,51.521323,-0.098884
Holland Park,51.5014628,-0.2036111
Kyoto Garden in Holland Park,51.503042999716,-0.204658918082714
Cluny Mews Gardens,51.492208,-0.20053
Leathermarket Gardens,51.5008599259018,-0.0835175409886091
Tanner Street Park,51.5002770763786,-0.080901658230943
Corams Fields,51.5235598,-0.120122
Russell Square,51.522269,-0.125552
St George's Gardens,51.5257612,-0.121603
Tavistock Square,51.5216850426032,-0.126002335967996
Lincoln's Inn,51.516096,-0.116655
Soho Square,51.5152861605951,-0.132200699860137
Bloomsbury Square Gardens,51.5189725003205,-0.130110569750597
Russell Park,51.522643,-0.12505
Ridgmount Gardens,51.521043,-0.1322871
Gordon Square,51.524819,-0.130488
Malet Street Gardens,51.5203641899698,-0.129247622561381
Crabtree Fields,51.5193697663059,-0.134398427108369
Spa Fields,51.5255937865318,-0.108261972607207
Hayes End Community Park,51.522825,-0.43757
Joseph Grimaldi Park,51.5312881,-0.11535
Saint James' Gardens,51.5284604380446,-0.136799668034404
Argyle Square,51.529146,-0.12177
Gray's Inn Fields,51.5201730351078,-0.113940238952637
Red Lion Square Gardens,51.5191303309173,-0.118986815214157
Red Lion Square,51.51943,-0.11812
Russell Square,51.522269,-0.125552
Corams Fields,51.5235598,-0.120122
Bloomsbury Square Gardens,51.5189725003205,-0.130110569750597
St George's Gardens,51.5257612,-0.121603
Tavistock Square,51.5216850426032,-0.126002335967996
Malet Street Gardens,51.5203641899698,-0.129247622561381
Ridgmount Gardens,51.521043,-0.1322871
Soho Square,51.5152861605951,-0.132200699860137
Lincoln's Inn,51.516096,-0.116655
Gordon Square,51.524819,-0.130488
Lend Lease Bluewater Park,51.513884,-0.118618
Crabtree Fields,51.5193697663059,-0.134398427108369
Russell Park,51.522643,-0.12505
Hanover Square,51.5142216,-0.144189
Hayes End Community Park,51.522825,-0.43757
Saint James' Gardens,51.5284604380446,-0.136799668034404
Fitzrovia Square,51.522981,-0.140113
Red Lion Square Gardens,51.5191303309173,-0.118986815214157
Argyle Square,51.529146,-0.12177
Regent's Canal,51.5350979030116,-0.119562149047852
Corams Fields,51.5235598,-0.120122
St George's Gardens,51.5257612,-0.121603
Myddelton Square Park,51.5297,-0.108335
Kings Square Gardens,51.5270695294121,-0.0983695232480907
Joseph Grimaldi Park,51.5312881,-0.11535
Islington Green,51.5362324200429,-0.103071928024292
Spa Fields,51.5255937865318,-0.108261972607207
Northampton Square Garden,51.527282,-0.102286
Islington Visitor Moorings,51.533262,-0.101458
Barnard Park,51.5372802833298,-0.112111725056681
Duncan Terrace Gardens,51.5333627,-0.1033616
Argyle Square,51.529146,-0.12177
Gray's Inn Fields,51.5201730351078,-0.113940238952637
Barnard Park Adventure Playground,51.535416,-0.110164
Charterhouse Square,51.521323,-0.098884
Holland Park,51.5014628,-0.2036111
Kyoto Garden in Holland Park,51.503042999716,-0.204658918082714
Cluny Mews Gardens,51.492208,-0.20053
Leathermarket Gardens,51.5008599259018,-0.0835175409886091
Tanner Street Park,51.5002770763786,-0.080901658230943
Corams Fields,51.5235598,-0.120122
Russell Square,51.522269,-0.125552
St George's Gardens,51.5257612,-0.121603
Tavistock Square,51.5216850426032,-0.126002335967996
Lincoln's Inn,51.516096,-0.116655
Soho Square,51.5152861605951,-0.132200699860137
Bloomsbury Square Gardens,51.5189725003205,-0.130110569750597
Russell Park,51.522643,-0.12505
Ridgmount Gardens,51.521043,-0.1322871
Gordon Square,51.524819,-0.130488
Malet Street Gardens,51.5203641899698,-0.129247622561381
Crabtree Fields,51.5193697663059,-0.134398427108369
Spa Fields,51.5255937865318,-0.108261972607207
Hayes End Community Park,51.522825,-0.43757
Joseph Grimaldi Park,51.5312881,-0.11535
Saint James' Gardens,51.5284604380446,-0.136799668034404
Argyle Square,51.529146,-0.12177
Gray's Inn Fields,51.5201730351078,-0.113940238952637
Red Lion Square Gardens,51.5191303309173,-0.118986815214157
Red Lion Square,51.51943,-0.11812
Russell Square,51.522269,-0.125552
Corams Fields,51.5235598,-0.120122
Bloomsbury Square Gardens,51.5189725003205,-0.130110569750597
St George's Gardens,51.5257612,-0.121603
Tavistock Square,51.5216850426032,-0.126002335967996
Malet Street Gardens,51.5203641899698,-0.129247622561381
Ridgmount Gardens,51.521043,-0.1322871
Soho Square,51.5152861605951,-0.132200699860137
Lincoln's Inn,51.516096,-0.116655
Gordon Square,51.524819,-0.130488
Lend Lease Bluewater Park,51.513884,-0.118618
Crabtree Fields,51.5193697663059,-0.134398427108369
Russell Park,51.522643,-0.12505
Hanover Square,51.5142216,-0.144189
Hayes End Community Park,51.522825,-0.43757
Saint James' Gardens,51.5284604380446,-0.136799668034404
Fitzrovia Square,51.522981,-0.140113
Red Lion Square Gardens,51.5191303309173,-0.118986815214157
Argyle Square,51.529146,-0.12177
Red Lion Square,51.51943,-0.11812
